unique_id,Type Level 1,Type Level 2,Type Level 3,Type Level 4,name,name+definition
54,Allgemeine Fertigkeiten und Einstellungen,Kognitive Fertigkeit,,,Kognitive Fertigkeit,"Kognitive Fertigkeit: Fertigkeiten, die den Erwerb und die Anwendung von Wissen bei der Problemlösung beeinflussen"
91,Allgemeine Fertigkeiten und Einstellungen,Kognitive Fertigkeit,Problemlösungsfähigkeit,,Problemlösungsfähigkeit,"Problemlösungsfähigkeit: Fertigkeiten, die das logische Durchdenken von Problemen und das Treffen von Entscheidungen beeinflussen. Dies inkludiert das Erfassen, Verarbeiten, Analysieren und Beurteilen von Daten oder Informationen."
90,Allgemeine Fertigkeiten und Einstellungen,Kognitive Fertigkeit,Problemlösungsfähigkeit,Problembewusstsein,Problembewusstsein,"Problembewusstsein: Erkennen, wann etwas falsch ist oder wahrscheinlich schief gehen wird. Es geht nicht darum, das Problem zu lösen, sondern nur zu erkennen, dass es ein Problem gibt."
126,Allgemeine Fertigkeiten und Einstellungen,Kognitive Fertigkeit,Problemlösungsfähigkeit,Verarbeiten von Informationen,Verarbeiten von Informationen,"Verarbeiten von Informationen: Zusammenstellen, Kodieren, Kategorisieren, Berechnen, Tabellieren oder Prüfen von Informationen oder Daten. Hierbei geht es um die (mechanische) Verarbeitung."
2,Allgemeine Fertigkeiten und Einstellungen,Kognitive Fertigkeit,Problemlösungsfähigkeit,Analysieren von Daten oder Informationen,Analysieren von Daten oder Informationen,"Analysieren von Daten oder Informationen: Aufschlüsselung von Informationen oder Daten in einzelne Teile um zugrundeliegende Prinzipien, Gründe oder Fakten zu identifizieren"
13,Allgemeine Fertigkeiten und Einstellungen,Kognitive Fertigkeit,Problemlösungsfähigkeit,Beurteilungsfähigkeit,Beurteilungsfähigkeit,"Beurteilungsfähigkeit: Beurteilung des Wertes, der Bedeutung oder der Qualität von Objekten, Dienstleistungen oder Personen."
24,Allgemeine Fertigkeiten und Einstellungen,Kognitive Fertigkeit,Problemlösungsfähigkeit,Einfallsreichtum,Einfallsreichtum,"Einfallsreichtum: Ideen zu einem Thema generieren (die Anzahl der Ideen ist wichtig, nicht ihre Qualität, Korrektheit oder Kreativität)."
88,Allgemeine Fertigkeiten und Einstellungen,Kognitive Fertigkeit,Problemlösungsfähigkeit,Originalität ,Originalität ,"Originalität : Ungewöhnliche, clevere, krative Ideen oder Lösungsansätze zu einem Thema, einer Situation oder einem Problem generieren. "
26,Allgemeine Fertigkeiten und Einstellungen,Kognitive Fertigkeit,Problemlösungsfähigkeit,Entscheidungsfähigkeit,Entscheidungsfähigkeit,Entscheidungsfähigkeit: Basierend auf Informationen und Ergebnissen die beste Lösung auf ein Problem finden.
123,Allgemeine Fertigkeiten und Einstellungen,Kognitive Fertigkeit,Problemlösungsfähigkeit,Umsetzungsfähigkeit,Umsetzungsfähigkeit,"Umsetzungsfähigkeit: Die getroffenen Entscheidungen in die Tat umsetzen, indem daraus konkrete Schritte und Massnahmen abgeleitet werden. "
87,Allgemeine Fertigkeiten und Einstellungen,Kognitive Fertigkeit,Organisationsfähigkeit,,Organisationsfähigkeit,"Organisationsfähigkeit: Fertigkeiten, die das Planen von Arbeiten oder Aktivitäten beeinflussen. "
27,Allgemeine Fertigkeiten und Einstellungen,Kognitive Fertigkeit,Organisationsfähigkeit,Entwicklung von Zielen und Strategien,Entwicklung von Zielen und Strategien,Entwicklung von Zielen und Strategien: Festlegung von Zielen sowie von Strategien und Maßnahmen zur Zielerreichung.  
0,Allgemeine Fertigkeiten und Einstellungen,Kognitive Fertigkeit,Organisationsfähigkeit,Aktivitäten und Arbeiten planen,Aktivitäten und Arbeiten planen,"Aktivitäten und Arbeiten planen: Planen von Veranstaltungen, Programmen und Aktivitäten sowie der Arbeit anderer."
122,Allgemeine Fertigkeiten und Einstellungen,Kognitive Fertigkeit,Organisationsfähigkeit,Tätigkeiten priorisieren,Tätigkeiten priorisieren,"Tätigkeiten priorisieren: Priorisierung von anstehenden Arbeiten, Arbeitspaketen, Projekten, Aktivitäten etc."
125,Allgemeine Fertigkeiten und Einstellungen,Kognitive Fertigkeit,Organisationsfähigkeit,Unternehmerisches Denken,Unternehmerisches Denken,Unternehmerisches Denken: Chancen erkennen und bei Handlungen & Entscheidungen die Interessen des Unternehmens im Blick behalten.
85,Allgemeine Fertigkeiten und Einstellungen,Kognitive Fertigkeit,Numerische Fertigkeiten,,Numerische Fertigkeiten,"Numerische Fertigkeiten: Fertigkeiten, die die Lösung von Problemen mit mathematischen Beziehungen beeinflussen"
76,Allgemeine Fertigkeiten und Einstellungen,Kognitive Fertigkeit,Numerische Fertigkeiten,Mathematisches Denken,Mathematisches Denken,"Mathematisches Denken: Die richtigen mathematischen Methoden oder Formeln wählen, um ein Problem zu lösen."
131,Allgemeine Fertigkeiten und Einstellungen,Kognitive Fertigkeit,Numerische Fertigkeiten,Zahlenverständnis,Zahlenverständnis,"Zahlenverständnis: Schnell und korrekt addieren, subtrahieren, multiplizieren oder dividieren."
29,Allgemeine Fertigkeiten und Einstellungen,Kognitive Fertigkeit,Erinnerungsvermögen,,Erinnerungsvermögen,"Erinnerungsvermögen: Fertigkeiten, die das Abrufen von Informationen beeinflussen"
77,Allgemeine Fertigkeiten und Einstellungen,Kognitive Fertigkeit,Erinnerungsvermögen,Merkfähigkeit,Merkfähigkeit,"Merkfähigkeit: Sich Informationen wie Wörter, Zahlen, Bilder und Verfahren merken."
130,Allgemeine Fertigkeiten und Einstellungen,Kognitive Fertigkeit,Wahrnehmungsfähigkeiten,,Wahrnehmungsfähigkeiten,Wahrnehmungsfähigkeiten: Fähigkeiten im Zusammenhang mit der Aufnahme und Organisation von visuellen Informationen
9,Allgemeine Fertigkeiten und Einstellungen,Kognitive Fertigkeit,Wahrnehmungsfähigkeiten,Aufnahmefähigkeit,Aufnahmefähigkeit,"Aufnahmefähigkeit: Die Fähigkeit, Informationen schnell zu erfassen, zu kombinieren und zu sinnvollen Mustern zu ordnen."
80,Allgemeine Fertigkeiten und Einstellungen,Kognitive Fertigkeit,Wahrnehmungsfähigkeiten,Mustererkennung,Mustererkennung,"Mustererkennung: Ein bekanntes Muster (eine Figur, ein Objekt, ein Wort oder ein Geräusch) identifizieren oder erkennen."
127,Allgemeine Fertigkeiten und Einstellungen,Kognitive Fertigkeit,Wahrnehmungsfähigkeiten,Vergleichsfähigkeit,Vergleichsfähigkeit,"Vergleichsfähigkeit: Ähnlichkeiten und Unterschiede zwischen Gruppen von Buchstaben, Zahlen, Objekten, Bildern oder Mustern schnell und genau vergleichen. Die zu vergleichenden Dinge können gleichzeitig oder nacheinander präsentiert werden. Diese Fähigkeit umfasst auch den Vergleich eines präsentierten Objekts mit einem erinnerten Objekt."
96,Allgemeine Fertigkeiten und Einstellungen,Kognitive Fertigkeit,Raumwahrnehmung und -vorstellung,,Raumwahrnehmung und -vorstellung,Raumwahrnehmung und -vorstellung: Fertigkeiten im Zusammenhang mit der Verarbeitung und Organisation räumlicher Informationen
103,Allgemeine Fertigkeiten und Einstellungen,Kognitive Fertigkeit,Raumwahrnehmung und -vorstellung,Räumliche Orientierung,Räumliche Orientierung,"Räumliche Orientierung: Den eigenen Standort in Bezug auf die Umgebung kennen oder wissen, wo sich andere Objekte im Verhältnis zu einem selbst befinden."
104,Allgemeine Fertigkeiten und Einstellungen,Kognitive Fertigkeit,Raumwahrnehmung und -vorstellung,Räumliches Vorstellungsvermögen,Räumliches Vorstellungsvermögen,"Räumliches Vorstellungsvermögen: Sich vorstellen, wie etwas aussieht, wenn es bewegt wird oder wenn seine Teile verschoben oder neu angeordnet werden."
8,Allgemeine Fertigkeiten und Einstellungen,Kognitive Fertigkeit,Aufmerksamkeit,,Aufmerksamkeit,Aufmerksamkeit: Fertigkeiten im Zusammenhang mit der Steuerung der eigenen Aufmerksamkeit
67,Allgemeine Fertigkeiten und Einstellungen,Kognitive Fertigkeit,Aufmerksamkeit,Konzentrationsfähigkeit,Konzentrationsfähigkeit,"Konzentrationsfähigkeit: Sich über einen bestimmten Zeitraum hinweg auf eine Aufgabe konzentrieren, ohne sich ablenken zu lassen."
34,Allgemeine Fertigkeiten und Einstellungen,Kognitive Fertigkeit,Aufmerksamkeit,Fokuswechsel,Fokuswechsel,"Fokuswechsel: Zwischen zwei oder mehreren Aktivitäten oder Informationsquellen (z. B. Sprache, Geräusche, Berührungen oder andere Quellen) hin und her wechseln."
114,Allgemeine Fertigkeiten und Einstellungen,Kognitive Fertigkeit,Sprachliche Fertigkeiten,,Sprachliche Fertigkeiten,"Sprachliche Fertigkeiten: Fertigkeiten, die den Erwerb und die Anwendung von verbalen Informationen beeinflussen"
82,Allgemeine Fertigkeiten und Einstellungen,Kognitive Fertigkeit,Sprachliche Fertigkeiten,Mündliches Verstehen,Mündliches Verstehen,Mündliches Verstehen: In Worten und Sätzen gesprochene Informationen und Ideen hören und verstehen.
106,Allgemeine Fertigkeiten und Einstellungen,Kognitive Fertigkeit,Sprachliche Fertigkeiten,Schriftliches Verstehen,Schriftliches Verstehen,Schriftliches Verstehen: Schriftlich dargestellte Informationen und Ideen lesen und verstehen.
81,Allgemeine Fertigkeiten und Einstellungen,Kognitive Fertigkeit,Sprachliche Fertigkeiten,Mündliche Ausdrucksfähigkeit,Mündliche Ausdrucksfähigkeit,"Mündliche Ausdrucksfähigkeit: Informationen und Ideen in mündlicher Form so vermitteln, dass andere sie verstehen."
105,Allgemeine Fertigkeiten und Einstellungen,Kognitive Fertigkeit,Sprachliche Fertigkeiten,Schriftlicher Ausdrucksfähigkeit,Schriftlicher Ausdrucksfähigkeit,"Schriftlicher Ausdrucksfähigkeit: Informationen und Ideen schriftlich so vermitteln, dass andere sie verstehen."
113,Allgemeine Fertigkeiten und Einstellungen,Soziale Fertigkeit,,,Soziale Fertigkeit,"Soziale Fertigkeit: Fertigkeiten, um in der Zusammenarbeit mit anderen Menschen Ziele zu erreichen"
69,Allgemeine Fertigkeiten und Einstellungen,Soziale Fertigkeit,Koordinieren,,Koordinieren,Koordinieren: Handlungen in Bezug auf die Handlungen anderer anpassen.
139,Allgemeine Fertigkeiten und Einstellungen,Soziale Fertigkeit,Überzeugen,,Überzeugen,"Überzeugen: Andere davon überzeugen, ihre Meinung oder ihr Verhalten zu ändern."
128,Allgemeine Fertigkeiten und Einstellungen,Soziale Fertigkeit,Verhandeln,,Verhandeln,"Verhandeln: Andere zusammenbringen und versuchen, Differenzen auszugleichen."
3,Allgemeine Fertigkeiten und Einstellungen,Soziale Fertigkeit,Anleiten und Begleiten,,Anleiten und Begleiten,"Anleiten und Begleiten: Anderen beibringen, wie sie etwas tun sollen und sie in ihrem Lernprozess unterstützen."
68,Allgemeine Fertigkeiten und Einstellungen,Soziale Fertigkeit,Kooperieren,,Kooperieren,"Kooperieren: Bei der Arbeit angenehm mit anderen umgehen und eine gutmütige, kooperative Arbeitsweise an den Tag legen."
78,Allgemeine Fertigkeiten und Einstellungen,Soziale Fertigkeit,Mitfühlen,,Mitfühlen,Mitfühlen: Einfühlsam und verständnisvoll für die Bedürfnisse und Gefühle anderer sein (Empathie).
79,Allgemeine Fertigkeiten und Einstellungen,Soziale Fertigkeit,Motivieren,,Motivieren,"Motivieren: Das Interesse, die Entschlossenheit und das Selbstvertrauen anderer in der Verfolgung ihrer Ziele unterstützen."
10,Allgemeine Fertigkeiten und Einstellungen,Soziale Fertigkeit,Auftreten,,Auftreten,"Auftreten: Sich anderen gegenüber sicher, überzeugend und professionell präsentieren. "
94,Allgemeine Fertigkeiten und Einstellungen,Psychomotorische Fertigkeit,,,Psychomotorische Fertigkeit,"Psychomotorische Fertigkeit: Fertigkeiten, die den Umgang mit und die Kontrolle über Objekte beeinflussen"
31,Allgemeine Fertigkeiten und Einstellungen,Psychomotorische Fertigkeit,Feinmotorik,,Feinmotorik,Feinmotorik: Fähigkeiten im Zusammenhang mit dem handwerklichen Umgang mit Gegenständen
7,Allgemeine Fertigkeiten und Einstellungen,Psychomotorische Fertigkeit,Feinmotorik,Arm-Hand-Stabilität,Arm-Hand-Stabilität,"Arm-Hand-Stabilität: Hand und Arm ruhig zu halten, während man den Arm bewegt oder Arm und Hand in einer Position hält."
48,Allgemeine Fertigkeiten und Einstellungen,Psychomotorische Fertigkeit,Feinmotorik,Handfertigkeit,Handfertigkeit,"Handfertigkeit: Die Hand, die Hand mit dem Arm oder beide Hände zusammen schnell bewegen, um Gegenstände zu greifen, zu manipulieren oder zusammenzusetzen."
32,Allgemeine Fertigkeiten und Einstellungen,Psychomotorische Fertigkeit,Feinmotorik,Fingerfertigkeit,Fingerfertigkeit,"Fingerfertigkeit: Präzise koordinierte Bewegungen der Finger einer oder beider Hände ausführen, um sehr kleine Gegenstände zu greifen, zu manipulieren oder zusammenzusetzen."
16,Allgemeine Fertigkeiten und Einstellungen,Psychomotorische Fertigkeit,Bewegungskontrolle,,Bewegungskontrolle,"Bewegungskontrolle: Fähigkeit, Bewegungen in Bezug auf Zeit und Raum präzise zu kontrollieren"
116,Allgemeine Fertigkeiten und Einstellungen,Psychomotorische Fertigkeit,Bewegungskontrolle,Steuerungsfähigkeit,Steuerungsfähigkeit,Steuerungsfähigkeit: Die Bedienelemente einer Maschine oder eines Fahrzeugs schnell und wiederholt in die gewünschte Position bringen.
46,Allgemeine Fertigkeiten und Einstellungen,Psychomotorische Fertigkeit,Bewegungskontrolle,Gliedmaßenkoordination,Gliedmaßenkoordination,"Gliedmaßenkoordination: Zwei oder mehr Gliedmaßen im Sitzen, Stehen oder Liegen koordinieren. Es geht nicht darum, die Tätigkeiten auszuführen, während der ganze Körper in Bewegung ist."
15,Allgemeine Fertigkeiten und Einstellungen,Psychomotorische Fertigkeit,Bewegungskontrolle,Bewegungsanpassung,Bewegungsanpassung,Bewegungsanpassung: Die eigenen Bewegungen oder die Bewegung eines Geräts in Erwartung von Änderungen der Geschwindigkeit und/oder Richtung eines sich bewegenden Objekts oder einer Szene timen.
98,Allgemeine Fertigkeiten und Einstellungen,Psychomotorische Fertigkeit,Reaktionszeit und Schnelligkeit,,Reaktionszeit und Schnelligkeit,Reaktionszeit und Schnelligkeit: Fertigkeiten im Zusammenhang mit der Geschwindigkeit der Manipulation von Objekten
97,Allgemeine Fertigkeiten und Einstellungen,Psychomotorische Fertigkeit,Reaktionszeit und Schnelligkeit,Reaktionsgeschwindigkeit,Reaktionsgeschwindigkeit,"Reaktionsgeschwindigkeit: Schnell (mit der Hand, dem Finger oder dem Fuß) auf ein Signal (Ton, Licht, Bild) reagieren, wenn dieses erscheint."
47,Allgemeine Fertigkeiten und Einstellungen,Psychomotorische Fertigkeit,Reaktionszeit und Schnelligkeit,Hand/Finger-Geschwindigkeit,Hand/Finger-Geschwindigkeit,"Hand/Finger-Geschwindigkeit: Schnelle, einfache, wiederholte Bewegungen der Finger, Hände und Handgelenke ausführen."
45,Allgemeine Fertigkeiten und Einstellungen,Psychomotorische Fertigkeit,Reaktionszeit und Schnelligkeit,Gliedmaßen-Geschwindigkeit,Gliedmaßen-Geschwindigkeit,Gliedmaßen-Geschwindigkeit: Arme und Beine schnell bewegen.
89,Allgemeine Fertigkeiten und Einstellungen,Physische Fertigkeit,,,Physische Fertigkeit,"Physische Fertigkeit: Fertigkeiten, die Kraft, Ausdauer, Flexibilität, Gleichgewicht und Koordination beeinflussen"
72,Allgemeine Fertigkeiten und Einstellungen,Physische Fertigkeit,Körperliche Stärke,,Körperliche Stärke,Körperliche Stärke: Fertigkeiten im Zusammenhang mit der Ausübung von Kraft
115,Allgemeine Fertigkeiten und Einstellungen,Physische Fertigkeit,Körperliche Stärke,Statische Kraft,Statische Kraft,"Statische Kraft: Maximale Muskelkraft zum Heben, Schieben, Ziehen oder Tragen von Gegenständen aufbringen."
30,Allgemeine Fertigkeiten und Einstellungen,Physische Fertigkeit,Körperliche Stärke,Explosive Kraft,Explosive Kraft,Explosive Kraft: Sich mit kurzen Muskelkraftstößen fortbewegen (z.B. Springen oder Sprinten) oder einen Gegenstand werfen.
23,Allgemeine Fertigkeiten und Einstellungen,Physische Fertigkeit,Körperliche Stärke,Dynamische Kraft,Dynamische Kraft,Dynamische Kraft: Muskelkraft wiederholt oder kontinuierlich über einen längeren Zeitraum ausüben. Dazu gehören muskuläre Ausdauer und Widerstand gegen Muskelermüdung.
102,Allgemeine Fertigkeiten und Einstellungen,Physische Fertigkeit,Körperliche Stärke,Rumpfkraft,Rumpfkraft,"Rumpfkraft: Bauch- und unteren Rückenmuskeln wiederholt oder kontinuierlich über einen längeren Zeitraum zum Abstützen von Körperteilen einsetzen, ohne dass sie ""nachgeben"" oder ermüden."
11,Allgemeine Fertigkeiten und Einstellungen,Physische Fertigkeit,Ausdauer,,Ausdauer,"Ausdauer: Die Fertigkeit, sich über längere Zeiträume körperlich anzustrengen, ohne zu ermüden oder außer Atem zu kommen."
66,Allgemeine Fertigkeiten und Einstellungen,Physische Fertigkeit,Ausdauer,Kondition,Kondition,"Kondition: Sich über längere Zeiträume körperlich anstrengen, ohne zu ermüden oder außer Atem zu kommen."
14,Allgemeine Fertigkeiten und Einstellungen,Physische Fertigkeit,"Beweglichkeit, Gleichgewicht und Koordination",,"Beweglichkeit, Gleichgewicht und Koordination","Beweglichkeit, Gleichgewicht und Koordination: Fertigkeiten im Zusammenhang mit der Kontrolle von grobmotorischen Bewegungen"
20,Allgemeine Fertigkeiten und Einstellungen,Physische Fertigkeit,"Beweglichkeit, Gleichgewicht und Koordination",Dehnbarkeit,Dehnbarkeit,"Dehnbarkeit: Sich mit dem Körper, den Armen und/oder den Beinen beugen, strecken, verdrehen oder strecken."
22,Allgemeine Fertigkeiten und Einstellungen,Physische Fertigkeit,"Beweglichkeit, Gleichgewicht und Koordination",Dynamik,Dynamik,"Dynamik: Sich schnell und wiederholt mit dem Körper, den Armen und/oder Beinen beugen, strecken, drehen oder greifen."
71,Allgemeine Fertigkeiten und Einstellungen,Physische Fertigkeit,"Beweglichkeit, Gleichgewicht und Koordination",Körperkoordination,Körperkoordination,"Körperkoordination: Die Bewegungen von Armen, Beinen und Rumpf gemeinsam koordinieren, wenn der ganze Körper in Bewegung ist."
44,Allgemeine Fertigkeiten und Einstellungen,Physische Fertigkeit,"Beweglichkeit, Gleichgewicht und Koordination",Gleichgewicht,Gleichgewicht,"Gleichgewicht: Das Gleichgewicht halten, wiedererlangen oder in einer instabilen Lage aufrecht bleiben."
93,Allgemeine Fertigkeiten und Einstellungen,Psychische Fertigkeit,,,Psychische Fertigkeit,"Psychische Fertigkeit: Geistige und Emotionale Fertigkeiten, welche die psychische Gesundheit und das Wohlbefinden der Person beeinflussen."
107,Allgemeine Fertigkeiten und Einstellungen,Psychische Fertigkeit,Selbstbeherrschung,,Selbstbeherrschung,"Selbstbeherrschung: Gelassenheit, Beherrschung von Emotionen, Kontrolle von Ärger und/oder Vermeidung von aggressivem Verhalten"
117,Allgemeine Fertigkeiten und Einstellungen,Psychische Fertigkeit,Stresstoleranz,,Stresstoleranz,Stresstoleranz: Ruhiger und effektiven Umgang mit Druck und Stress sowie in der Annahme von Kritik. 
73,Allgemeine Fertigkeiten und Einstellungen,Leistungsorientierung,,,Leistungsorientierung,"Leistungsorientierung: Die Person ist bestrebt, persönliche Ziele zu erreichen und in der eigenen Arbeit kompetent zu sein. "
1,Allgemeine Fertigkeiten und Einstellungen,Leistungsorientierung,Ambition,,Ambition,"Ambition: Wille, sich persönlich herausfordernde Ziele zu setzen und aufrechtzuerhalten, oft begleitet von langfristigen Visionen"
21,Allgemeine Fertigkeiten und Einstellungen,Leistungsorientierung,Durchhaltevermögen,,Durchhaltevermögen,Durchhaltevermögen: Beharrlichkeit im Umgang mit Hindernissen
118,Allgemeine Fertigkeiten und Einstellungen,Leistungsorientierung,Tatkraft,,Tatkraft,"Tatkraft: Bereitschaft, (fachliche) Verantwortung zu übernehmen, Herausforderungen anzunehmen und anstehende Arbeit anzupacken, mit einem Fokus auf die praktische Umsetzung"
74,Allgemeine Fertigkeiten und Einstellungen,Leistungsorientierung,Lernbereitschaft,,Lernbereitschaft,"Lernbereitschaft: Bereitschaft, sich fachlich/technisch auf dem Laufenden zu halten und neues Wissen auf die Arbeit anzuwenden."
17,Allgemeine Fertigkeiten und Einstellungen,Beziehungsorientierung,,,Beziehungsorientierung,"Beziehungsorientierung: Die Person hat eine Vorliebe für den Kontakt mit anderen Organisationsmitgliedern und ist bereit, Führungsrollen wahrzunehmen."
119,Allgemeine Fertigkeiten und Einstellungen,Beziehungsorientierung,Teamorientierung,,Teamorientierung,"Teamorientierung: Vorliebe für den persönlichen Kontakt und die Zusammenarbeit mit anderen, statt alleine zu arbeiten"
41,Allgemeine Fertigkeiten und Einstellungen,Beziehungsorientierung,Führungsorientierung,,Führungsorientierung,"Führungsorientierung: Bereitschaft, Verantwortung für andere Personen zu übernehmen und Meinungen und Anweisungen zu geben."
70,Allgemeine Fertigkeiten und Einstellungen,Beziehungsorientierung,Kundenorientierung,,Kundenorientierung,"Kundenorientierung: Bestreben, die Zufriedenheit der Kunden/Kundinnen zu garantieren und deren Bedürfnisse und Erwartungen aktiv zu erfüllen oder zu übertreffen. "
33,Allgemeine Fertigkeiten und Einstellungen,Flexibilität,,,Flexibilität,"Flexibilität: Die Person ist offen für (positive oder negative) Veränderungen und für eine Vielfalt von Aufgaben am Arbeitsplatz. Dazu gehört auch eine Bereitschaft, mit unregelmässigen Arbeitsbedingungen (z.B. unterschiedliche Arbeitsorte, unregelmässige Arbeitszeiten) umzugehen. "
43,Allgemeine Fertigkeiten und Einstellungen,Gewissenhaftigkeit,,,Gewissenhaftigkeit,"Gewissenhaftigkeit: Bestreben nach Zuverlässigkeit, Engagement für eine korrekte und sorgfältige Ausführung der Arbeit sowie Vertrauenswürdigkeit, Verantwortungsbewusstsein und Aufmerksamkeit für Details"
129,Allgemeine Fertigkeiten und Einstellungen,Gewissenhaftigkeit,Verlässlichkeit,,Verlässlichkeit,"Verlässlichkeit: Zuverlässigkeit, Verantwortungsbewusstsein und Verlässlichkeit sowie die Erfüllung von Verpflichtungen"
42,Allgemeine Fertigkeiten und Einstellungen,Gewissenhaftigkeit,Genauigkeit,,Genauigkeit,Genauigkeit: Aufmerksamkeit für alle Einzelheiten und Gründlichkeit bei der Erledigung der Arbeitsaufgaben
53,Allgemeine Fertigkeiten und Einstellungen,Gewissenhaftigkeit,Integrität,,Integrität,Integrität: Ehrlichkeit und ethisches Verhalten
124,Allgemeine Fertigkeiten und Einstellungen,Unabhängigkeit,,,Unabhängigkeit,"Unabhängigkeit: Bereitschaft, eigene Vorgehensweisen zu entwickeln, sich selbst mit wenig oder gar keiner Aufsicht zu führen und sich auf sich selbst zu verlassen."
121,Allgemeine Fertigkeiten und Einstellungen,Toleranz,,,Toleranz,"Toleranz: Bereitschaft, eine Vielfalt von Meinungen, Verhaltensweisen und/oder Eigenschaften zu akzeptieren und zu respektieren."
75,Fachkompetenz,Management der ICT,,,Management der ICT,"Management der ICT: Die Kompetenz, die Informations- und Kommunikationstechnologie in einem Unternehmen strategisch zu planen und zu steuern, um die Erreichung der Unternehmensziele zu unterstützen."
75,Fachkompetenz,Management der ICT,,,Management der ICT,Management der ICT: Entwickelt unter Berücksichtigung der Unternehmensstrategie und der Rahmenbedingungen der eigenen Organisationseinheit die ICT-Strategie und den dazugehörigen Masterplan.
75,Fachkompetenz,Management der ICT,,,Management der ICT,"Management der ICT: Legt auf Basis der ICT-Strategie, dem Dienstleistungsportfolio der ICT und den unternehmensspezifischen Vorgaben fest, welche Leistungen selbst erbracht oder eingekauft werden."
75,Fachkompetenz,Management der ICT,,,Management der ICT,"Management der ICT: Analysiert das für ein ICT‐Vorhaben relevante inner‐ und ausserbetriebliche Umfeld, identifiziert Einflüsse und Ansprüche und leitet die sich daraus ergebenden Chancen, Risiken und Randbedingungen für das ICT‐Vorhaben ab."
75,Fachkompetenz,Management der ICT,,,Management der ICT,"Management der ICT: Beobachtet Innovationen und Trends laufend, beurteilt deren Potenzial für die eigene Organisation, vergleicht den potenziellen Nutzen mit dem Aufwand einer Integration und erarbeitet eine Roadmap für die Einführung einer Technologie."
75,Fachkompetenz,Management der ICT,,,Management der ICT,Management der ICT: Analysiert verschiedene Aspekte eines Marktes mittels einfachen Marktanalyse-Instrumenten. Leitet daraus Ziele und strategische Stossrichtungen für eine erfolgreiche Marktpositionierung eines Angebots ab.
75,Fachkompetenz,Management der ICT,,,Management der ICT,"Management der ICT: Versteht Kultur, Dynamik und Lebenszyklus seiner Organisationseinheit und leitet in dieser bedarfs- und zeitgerechte Änderungen ein. Stabilisiert seine Organisationseinheit nach einer Veränderung indem er diese durch einen geplanten umfassenden Wandel begleitet."
75,Fachkompetenz,Management der ICT,,,Management der ICT,"Management der ICT: Analysiert das Umfeld eines Veränderungsvorhabens, moderiert die Entwicklung der Vision und Ziele für die Veränderung und unterstützt die Organisation bei der Umsetzung der Veränderung."
75,Fachkompetenz,Management der ICT,,,Management der ICT,"Management der ICT: Identifiziert Veränderungen, die sich durch neue oder sich ändernde ICT‐Systeme für die Betroffenen ergeben, und analysiert deren Akzeptanz. Begleitet und unterstützt im eigenen Verantwortungsbereich die Betroffenen bei der Bewältigung dieser Veränderungen und schafft dadurch die Voraussetzungen für eine erfolgreiche Veränderung."
75,Fachkompetenz,Management der ICT,,,Management der ICT,Management der ICT: Berät das Business beim Einsatz von neu verfügbaren ICT-Technologien und deren Unterstützung für die Geschäftsprozessen.
75,Fachkompetenz,Management der ICT,,,Management der ICT,Management der ICT: Geschäftsprozesse eines Unternehmensbereichs analysieren und abgestimmt auf die Anforderungen und Ziele mit ICT‐Mitteln unterstützen.
75,Fachkompetenz,Management der ICT,,,Management der ICT,"Management der ICT: Koordiniert die digitalen Kollaborationslösungen und deren Abhängigkeiten in einer Organisation, spezifiziert Anforderungen an neue Lösungen, unterstützt Fachstellen bei der Einführung neuer Lösungen und beurteilt als Basis für kontinuierliche Verbesserungen den Reifegrad der digitalen Kollaboration in einer Organisation periodisch."
75,Fachkompetenz,Management der ICT,,,Management der ICT,"Management der ICT: Beobachtet das Marktangebot an digitalen Kollaborationswerkzeugen laufend, verifiziert die Anbieterspezifikationen und bewertet die Eignung von Werkzeugen im Kontext einer Organisation."
75,Fachkompetenz,Management der ICT,,,Management der ICT,Management der ICT: Wählt auf der Basis eines konkreten Kollaborationsbedürfnisses die unterstützenden digitalen Kanäle und Werkzeuge zielgruppenspezifisch und situationsgerecht aus und bereitet deren Einführung und Betrieb in einer Organisation vor.
75,Fachkompetenz,Management der ICT,,,Management der ICT,"Management der ICT: Virtualisierung einer vorgegebenen IT-Infrastruktur einschätzen, planen und durchführen"
92,Fachkompetenz,Projektmanagement,,,Projektmanagement,"Projektmanagement: Die Kompetenz, Projekte zu initialisieren, effizient zu planen, zu leiten, zu koordinieren und zu kontrollieren, um die festgelegten Ziele innerhalb des Zeitrahmens und Budgets zu erreichen."
92,Fachkompetenz,Projektmanagement,,,Projektmanagement,"Projektmanagement: Wickelt Kleinprojekte im Team mit klar definierter Zielsetzung, Anforderungen, vorgegebenen Ressourcen und Terminen mit geeigneten Softwaretools ab."
92,Fachkompetenz,Projektmanagement,,,Projektmanagement,"Projektmanagement: Erstellt einen Aufgaben- und Terminplan zur systematischen Abwicklung eines Auftrags, berücksichtigt dabei die Ressourcen, Termine, Problemstellungen sowie die Arbeitsteilung und kommuniziert die erzielten Ergebnisse."
92,Fachkompetenz,Projektmanagement,,,Projektmanagement,"Projektmanagement: Führt Aufträge aus dem eigenen Berufsumfeld gemäss Vorgaben des Auftraggebers selbständig und mit Hilfe geeigneter Techniken, Methoden und Hilfsmittel durch."
92,Fachkompetenz,Projektmanagement,,,Projektmanagement,"Projektmanagement: Realisiert auf Basis der Auftragsbeschreibung, des Lasten- bzw. Pflichtenheftes ein übergreifendes, funktionstüchtiges GKM Projekt."
92,Fachkompetenz,Projektmanagement,,,Projektmanagement,"Projektmanagement: Plant auf Basis eines typischen Kundenauftrags die Realisierung eines umfassenden GKM-Projekts. Bereitet für alle Projektbeteiligten (Fachrichtungen Planung, Gebäudeautomation, Kommunikation und Multimedia) die notwendigen Arbeitspakete, Ausführungsdokumente sowie die Auftragserteilung vor."
92,Fachkompetenz,Projektmanagement,,,Projektmanagement,"Projektmanagement: Führt unter Berücksichtigung der spezifischen Situationen, welche in einem Projekt auftreten, ein Projektteam in fachlicher und sozialer Hinsicht und setzt dabei Führungsinstrumente und Führungsmethoden gezielt ein."
92,Fachkompetenz,Projektmanagement,,,Projektmanagement,"Projektmanagement: Erkennt in ICT‐Projekten die Situationen, bei welchen das Arbeits‐ und Sozialversicherungsrecht, das Urheberrecht, das Datenschutzgesetz und das Vertragsrecht Vorgaben definieren. Trägt mit dem eigenen Handeln und der Einleitung von Massnahmen zur Einhaltung dieser Vorgaben bei."
92,Fachkompetenz,Projektmanagement,,,Projektmanagement,Projektmanagement: Bewertet und priorisiert unter Anwendung geeigneter Methoden und Tools die beantragten Projekte gemäss den geltenden Zielgrössen und erarbeitet die Entscheidungsgrundlagen für das Steuerungsgremium. Überwacht den aktuellen Stand der Projekte laufend und steuert und interveniert bei Abweichungen zeitnah.
92,Fachkompetenz,Projektmanagement,,,Projektmanagement,Projektmanagement: Entwickelt in der Rolle des Portfolio-Controllers geeignete Controlling-Instrumente für die Projektportfolioebene. Stellt die Korrektheit der Kennzahlen sicher und erstattet den Stakeholdern adäquat Bericht.
92,Fachkompetenz,Projektmanagement,,,Projektmanagement,"Projektmanagement: Strukturiert und plant ein Projekt auf der Basis des vorgegebenen Projektauftrags, führt und überwacht das Projekt während der Realisierung und informiert die Entscheidungsträger periodisch über den Projektfortschritt."
92,Fachkompetenz,Projektmanagement,,,Projektmanagement,"Projektmanagement: Persönliches Verhalten sowie die eigene Wirkung im Team wahrnehmen und reflektieren, alternative Handlungsmöglichkeiten erkennen und umsetzen."
101,Fachkompetenz,Risikomanagement,,,Risikomanagement,"Risikomanagement: Die Kompetenz, potenzielle Risiken und Gefahren in IT-Projekten oder -Prozessen zu identifizieren, zu analysieren und geeignete Maßnahmen zu ergreifen, um Schäden oder Verluste vorzubeugen oder zu minimieren."
95,Fachkompetenz,Qualitätsmanagement,,,Qualitätsmanagement,"Qualitätsmanagement: Die Kompetenz, Qualitätsstandards für IT-Produkte, IT-Dienstleistungen sowie IT-Prozesse festzulegen, zu überwachen und kontinuierlich zu verbessern, um eine hohe Kundenzufriedenheit sicherzustellen."
95,Fachkompetenz,Qualitätsmanagement,,,Qualitätsmanagement,Qualitätsmanagement: Entwickelt unter Berücksichtigung aller Rahmenbedingungen der Applikationsentwicklung ein Testkonzept und setzt dieses unter Einhaltung der Methoden der Software‐Qualitätssicherung um.
95,Fachkompetenz,Qualitätsmanagement,,,Qualitätsmanagement,Qualitätsmanagement: Definiert aufgrund betrieblicher Anforderungen und Rahmenbedingungen das Release- und Updatemanagement und trifft die entsprechenden Vorkehrungen für dessen Umsetzung.
95,Fachkompetenz,Qualitätsmanagement,,,Qualitätsmanagement,Qualitätsmanagement: Prüft die technische Code‐Qualität einer Applikation und leitet Massnahmen zur Verbesserung derselben ein.
95,Fachkompetenz,Qualitätsmanagement,,,Qualitätsmanagement,"Qualitätsmanagement: Testet und überwacht ICT‐Infrastrukturkomponenten (Server, Storage, Netzwerk), interpretiert die Resultate und ergreift Massnahmen, um den ICT‐Betrieb gemäss den Anforderungen sicherzustellen."
111,Fachkompetenz,Service Design,,,Service Design,"Service Design: Die Kompetenz, IT-Dienstleistungen zu gestalten sowie deren Entwicklung und Betrieb vorzubereiten und zu unterstützen, um die Realisierung kunden- und marktgerechter IT-Dienstleistungen zu ermöglichen."
111,Fachkompetenz,Service Design,,,Service Design,"Service Design: Einen neuen Service aus Kundenanforderungen ableiten, Produkte und Ressourcen evaluieren, den verlangten Service entwickeln und die Einführung planen."
111,Fachkompetenz,Service Design,,,Service Design,"Service Design: Mikro- und Makroumfeld, Stakeholder und Ziele von Dienstleistungen definieren und bewerten. Dazu werden oftmals klassische Forschungsmethoden herangezogen."
111,Fachkompetenz,Service Design,,,Service Design,"Service Design: Probleme und Möglichkeiten feststellen, die mit Dienstleistungen verbunden sind / sein können. Zu den etabliertesten Ansätzen in dieser Phase gehören die Entwicklung von Personas, eine alternative Sichtweise auf Zielgruppen, sowie Customer Journey Maps, die Darstellung von Kundenerlebnissen in schrittweisen Sequenzen. Auch Stakeholder Maps werden oftmals verwendet, um das gesamte Ecosystem einer Dienstleistung zu betrachten."
111,Fachkompetenz,Service Design,,,Service Design,"Service Design: Verschiedene Wege zur Lösung von identifizierten Problemen bzw. zur Nutzung von erkannten Chancen erarbeiten, die mit Dienstleistungen verbunden sind / sein können."
111,Fachkompetenz,Service Design,,,Service Design,Service Design: Erarbeitet mögliche innovative Lösungsansätze für eine bestimmte Problemstellung einer Zielgruppe. Präsentiert diese anderen Fachpersonen in Form eines kurzen Pitch.
111,Fachkompetenz,Service Design,,,Service Design,"Service Design: Formuliert in Zusammenarbeit mit Kunden und Anwender/innen, sowie unter Berücksichtigung ihrer Erwartungen an die Unterstützung von Geschäftsprozessen, Servicelevel‐Anforderungen an einen ICT‐Service. Vereinbart mit dem Service Provider das Service Level Agreement und überwacht dessen Einhaltung."
111,Fachkompetenz,Service Design,,,Service Design,Service Design: Stellt die Definition und Implementierung der relevanten Prozesse für das Managen von operativen Services und die Überwachung der Leistungserbringung durch interne und externe Leistungserbringer unter Berücksichtigung der Einhaltung des Service Level Agreements (SLA) sicher.
111,Fachkompetenz,Service Design,,,Service Design,"Service Design: Bildet die Bedürfnisse aus Geschäftsprozessen in einem IT-Service ab, definiert die Vorgaben an das IT-Service-Management (ITSM) und vereinbart die Service Levels mit dem Leistungsbezüger. "
111,Fachkompetenz,Service Design,,,Service Design,"Service Design: Plant, koordiniert und überwacht die relevanten Prozesse im Betrieb von IT-Services kontinuierlich und entwickelt geeignete Massnahmen zur Verbesserung und Weiterentwicklung der Services."
6,Fachkompetenz,Architekturen,,,Architekturen,"Architekturen: Die Kompetenz, komplexe Strukturen von IT-Systemen und IT-Infrastrukturen zu entwerfen und zu planen, um eine effiziente Integration, Skalierbarkeit und Wartbarkeit zu gewährleisten."
6,Fachkompetenz,Architekturen,,,Architekturen,Architekturen: Erarbeitelt die Software‐Architektur einer zu entwickelnden Applikation basierend auf funktionalen und nicht‐funktionalen Anforderungen.
6,Fachkompetenz,Architekturen,,,Architekturen,"Architekturen: Entwickelt unter Berücksichtigung der ICT-Strategie, der spezifischen Geschäftsanforderungen sowie technologischen Trends die ICT Enterprise-Architektur (EA) für seinen Leistungsbereich und steuert deren Umsetzung und Überwachung."
28,Fachkompetenz,"Ergonomie, Usability",,,"Ergonomie, Usability","Ergonomie, Usability: Die Kompetenz, Benutzerfreundlichkeit und Benutzererfahrung bei der Gestaltung von IT-Produkten oder IT-Schnittstellen zu berücksichtigen, um eine intuitive und effiziente Nutzung zu gewährleisten."
28,Fachkompetenz,"Ergonomie, Usability",,,"Ergonomie, Usability","Ergonomie, Usability: Entwirft und implementiert Benutzerschnittstellen für eine Applikation. Beachtet dabei Standards und ergonomische Anforderungen."
28,Fachkompetenz,"Ergonomie, Usability",,,"Ergonomie, Usability","Ergonomie, Usability: Gestaltet die Interaktion zwischen Menschen und Technik mit einem benutzerzentrierten Ansatz und gewährleistet eine optimale Nutzererfahrung (User Experience UX) mit Produkten oder Services."
28,Fachkompetenz,"Ergonomie, Usability",,,"Ergonomie, Usability","Ergonomie, Usability: Bestimmt Farbe und Typografie für Web- und Printprodukte, setzt sie auftrags- und mediengerecht ein und speichert die Daten entsprechend."
28,Fachkompetenz,"Ergonomie, Usability",,,"Ergonomie, Usability","Ergonomie, Usability: Erstellt ein- und mehrseitige Layouts mit Text, Grafik und Bild produktionsorientiert und mediengerecht."
28,Fachkompetenz,"Ergonomie, Usability",,,"Ergonomie, Usability","Ergonomie, Usability: Entwickelt und präsentiert Gestaltungsentwürfe für unterschiedliche Medien."
28,Fachkompetenz,"Ergonomie, Usability",,,"Ergonomie, Usability","Ergonomie, Usability: Vermittelt medien‐ und zielgruppengerecht (Text‐)Botschaften mittels Bild, Ton, Film und Animationen, indem die Kernaussagen für das jeweilige Zielmedium übersetzt werden."
28,Fachkompetenz,"Ergonomie, Usability",,,"Ergonomie, Usability","Ergonomie, Usability: Bereitet Informationsmaterial für das entsprechende Zielmedium auf und publiziert dieses."
12,Fachkompetenz,Betriebswirtschaft der ICT,,,Betriebswirtschaft der ICT,"Betriebswirtschaft der ICT: Die Kompetenz, betriebswirtschaftliche Prinzipien und Konzepte in der IT-Branche anzuwenden, um Wirtschaftlichkeit, Rentabilität und effektive Ressourcennutzung zu fördern. Zu solchen Prinzipien und Konzepten gehören u.a. Ausgestaltung von Offerten & Verträgen, Beschaffung von Systemen & Services, Finanzwirtschaft & Controlling, Lizenzen, Marketing & Verkauf, Rechnungswesen, Supply-Chain-Management etc."
12,Fachkompetenz,Betriebswirtschaft der ICT,,,Betriebswirtschaft der ICT,"Betriebswirtschaft der ICT: Erhebt den Aufwand für Arbeitspakete, Services und weitere ICT‐Dienstleistungen mit Hilfe zweckmässiger Methoden und erstellt im Rahmen der betrieblichen Vorgaben ein Aufwandbudget."
12,Fachkompetenz,Betriebswirtschaft der ICT,,,Betriebswirtschaft der ICT,Betriebswirtschaft der ICT: Erstellt eine Offerte unter Berücksichtigung der relevanten Rechtsgrundlagen und Rechtsaspekte. Überprüft die Einhaltung der Vertragsinhalte und der Schutzrechte für die eigenen Dienstleistungen und Produktionen.
12,Fachkompetenz,Betriebswirtschaft der ICT,,,Betriebswirtschaft der ICT,"Betriebswirtschaft der ICT: Kalkuliert die zu erbringenden Leistungen inkl. Mehrwertsteuer für die Offertstellung aufgrund interner Vorgaben. Kontrolliert den Zahlungseingang, leitet gegebenenfalls die rechtlichen Schritte des Inkassos ein und stellt damit die Zahlung sicher."
12,Fachkompetenz,Betriebswirtschaft der ICT,,,Betriebswirtschaft der ICT,Betriebswirtschaft der ICT: Analysiert die Bilanz und Erfolgsrechnung des Betriebes und beurteilt die Auswirkungen von typischen Geschäftsfällen. Führt projekt- oder produktbezogen eine einfache Wirtschaftlichkeitsrechnung durch.
12,Fachkompetenz,Betriebswirtschaft der ICT,,,Betriebswirtschaft der ICT,Betriebswirtschaft der ICT: Erstellt den Kostenrahmen von GKM-Systemen auf der Grundlage eines Mengengerüsts. Definiert den Kostenrahmen nachvollziehbar und übersichtlich sowie phasen- und bedarfsgerecht.
12,Fachkompetenz,Betriebswirtschaft der ICT,,,Betriebswirtschaft der ICT,Betriebswirtschaft der ICT: Unterstützt die Fachabteilungen bei der Berechnung der Wirtschaftlichkeit von ICT Vorhaben mit Hilfe von Methoden der Investitionsrechnung.
12,Fachkompetenz,Betriebswirtschaft der ICT,,,Betriebswirtschaft der ICT,Betriebswirtschaft der ICT: Berechnet und bewertet die Wirtschaftlichkeit eines ICT-Vorhabens auf der Basis der geplanten Kosten und dem erwarteten Nutzen und unter Betrachtung von qualitativen und quantitativen Aspekten.
12,Fachkompetenz,Betriebswirtschaft der ICT,,,Betriebswirtschaft der ICT,Betriebswirtschaft der ICT: Führt abgestimmt auf die Anforderungen an Informatikmittel/-leistungen die Evaluation von Angeboten durch und löst deren Beschaffung aus.
12,Fachkompetenz,Betriebswirtschaft der ICT,,,Betriebswirtschaft der ICT,Betriebswirtschaft der ICT: Führt auf der Basis eines vorgegebenen Auftrags und definierter Anforderungen die Evaluation einer Informatiklösung durch und formuliert eine Empfehlung für die Beschaffung ab.
12,Fachkompetenz,Betriebswirtschaft der ICT,,,Betriebswirtschaft der ICT,"Betriebswirtschaft der ICT: Plant eine Business Analyse, führt diese durch und erarbeitet mit den Erkenntnissen einen Business Case als Entscheidungsgrundlage."
12,Fachkompetenz,Betriebswirtschaft der ICT,,,Betriebswirtschaft der ICT,"Betriebswirtschaft der ICT: Erstellt die finanzielle Planung für seinen Bereich, überwacht deren Einhaltung und rapportiert die Ergebnisse mittels der verlangten Kennzahlen und Informationen."
12,Fachkompetenz,Betriebswirtschaft der ICT,,,Betriebswirtschaft der ICT,"Betriebswirtschaft der ICT: Berücksichtigt die im ICT-Umfeld relevanten Rechtsgrundlagen und -aspekte und stellt durch entsprechende Vorgaben und Massnahmen sicher, dass die rechtlichen Vorgaben eingehalten, die eigenen Leistungen sowie die Errungenschaften geschützt und die vereinbarten Leistungen erbracht und sinnvoll genutzt werden können."
12,Fachkompetenz,Betriebswirtschaft der ICT,,,Betriebswirtschaft der ICT,"Betriebswirtschaft der ICT: Erhebt den Aufwand für ein geplantes ICT-Vorhaben, erstellt einen Kostenplan und ein Budget und überwacht die Kosten während der Realisierung."
12,Fachkompetenz,Betriebswirtschaft der ICT,,,Betriebswirtschaft der ICT,Betriebswirtschaft der ICT: Erstellt nach CI/CD-Vorgabe im Team verschiedene Medienprodukte für eine Marketingaktion. Präsentiert die entwickelten Produkte auf einer Landingpage.
12,Fachkompetenz,Betriebswirtschaft der ICT,,,Betriebswirtschaft der ICT,Betriebswirtschaft der ICT: Entwickelt auf der Basis einer Marketingstrategie und als Ergebnis einer Marketinganalyse ein umfassendes Marketingkonzept und präsentiert dieses nachvollziehbar und überzeugend.
12,Fachkompetenz,Betriebswirtschaft der ICT,,,Betriebswirtschaft der ICT,Betriebswirtschaft der ICT: Konzipiert analoge und digitale Marketingprodukte auf Grundlage der Positionierung eines Produkts und der Corporate Identity und Positionierung eines Unternehmens. Leitet daraus Marketinginstrumente für die externe Kommunikation ab.
12,Fachkompetenz,Betriebswirtschaft der ICT,,,Betriebswirtschaft der ICT,"Betriebswirtschaft der ICT: Entwickelt unter Einhaltung der rechtlichen Rahmenbedingungen und Berücksichtigung kundenspezifischer Vorgaben ein geeignetes Social-Media-Konzept, berät und unterstützt den Kunden bei der Einrichtung der Social Media Plattform(en) und verwaltet den Content von verschiedenen Plattformen proaktiv."
12,Fachkompetenz,Betriebswirtschaft der ICT,,,Betriebswirtschaft der ICT,Betriebswirtschaft der ICT: Wertet die für ein Unternehmen relevanten Marketingkennzahlen nach einfachen Analyse-Methoden aus und bereitet die Ergebnisse aussagekräftig auf. Verfasst und publiziert unternehmensrelevante Informationen gegen Innen und Aussen.
12,Fachkompetenz,Betriebswirtschaft der ICT,,,Betriebswirtschaft der ICT,Betriebswirtschaft der ICT: Versteht ein Corporate Identity (CI) und leitet nicht definierte Elemente des Corporate Design (CD) entsprechend ab und ergänzt dieses für unterschiedliche Kommunikationskanäle.
12,Fachkompetenz,Betriebswirtschaft der ICT,,,Betriebswirtschaft der ICT,Betriebswirtschaft der ICT: Analysiert das Marketing‐Umfeld einer Firma und plant respektive entwickelt die Marketing‐Aktivitäten mittels der Möglichkeiten der verschiedenen Kommunikationskanäle und Medien und setzt diese um.
12,Fachkompetenz,Betriebswirtschaft der ICT,,,Betriebswirtschaft der ICT,Betriebswirtschaft der ICT: Setzt die Grundlagen des Marketings für die Definition von Marketing-Aktivitäten zur Förderung/Steigerung der Nachfrage und der Akzeptanz der Leistungen/Produkte seiner Organisationseinheit ein.
86,Fachkompetenz,Organisation,,,Organisation,"Organisation: Die Kompetenz, Abläufe, Strukturen und Ressourcen in der IT effizient zu organisieren, um ein reibungsloses Funktionieren und klare Verantwortlichkeiten sicherzustellen. Dies beinhaltet das Erkennen von organisatorischen Schwachstellen."
86,Fachkompetenz,Organisation,,,Organisation,Organisation: Bestimmt eine den ICT-Prozessen entsprechende Prozess- und Aufbauorganisation und stattet diese mit geeigneten Mitarbeitenden und Hilfsmitteln in ausreichendem Umfang aus.
86,Fachkompetenz,Organisation,,,Organisation,"Organisation: Dokumentiert Geschäftsprozesse, führt eine Aufgabenanalyse durch und stellt Prozessabläufe grafisch dar."
86,Fachkompetenz,Organisation,,,Organisation,"Organisation: Identifiziert Schwachstellen in den Geschäftsprozessen einer Organisation, erarbeitet und bewertet Varianten zur Beseitigung der identifizierten Schwachstellen und entwickelt wirkungsvolle Handlungsempfehlungen für die nachhaltige Verbesserung der Geschäftsprozesse."
86,Fachkompetenz,Organisation,,,Organisation,"Organisation: Gestaltet die ICT-Prozesse seiner Organisationseinheit mit dem Ziel, die ICT-Leistungen effektiv und effizient zu erbringen. Entwickelt und verbessert die Effizienz der ICT-Prozesse kontinuierlich."
86,Fachkompetenz,Organisation,,,Organisation,"Organisation: Hinterfragt laufend Prozesse und Organisation, erkennt Optimierungspotenzial und setzt Massnahmen zur Optimierung um."
86,Fachkompetenz,Organisation,,,Organisation,"Organisation: Plant, rekrutiert und steuert die einzusetzenden Personalressourcen in seinem Verantwortungsbereich unter Berücksichtigung der organisatorischen und gesetzlichen Vorgaben. Führt die Mitarbeitenden unter Einhaltung der Prinzipien der modernen Führungsarbeit."
52,Fachkompetenz,Informationssicherheit,,,Informationssicherheit,"Informationssicherheit: Die Kompetenz, Massnahmen und Strategien zur Sicherung von Informationen und Daten in der IT zu entwickeln, zu implementieren und zu überwachen, um Vertraulichkeit und Integrität zu gewährleisten."
52,Fachkompetenz,Informationssicherheit,,,Informationssicherheit,"Informationssicherheit: Codierungs-, Kompressions- und Verschlüsselungsverfahren einsetzen"
52,Fachkompetenz,Informationssicherheit,,,Informationssicherheit,"Informationssicherheit: Stellt in ICT-Infrastrukturen die Gefährdungslage fest und definiert geeignete organisatorische, personelle, infrastrukturelle und technische Schutzmassnahmen, um diese zu minimieren."
52,Fachkompetenz,Informationssicherheit,,,Informationssicherheit,Informationssicherheit: Definiert organisatorische Vorgaben und Massnahmen zur Gewährleistung der Informationssicherheit und zur Sicherstellung des operativen ICT‐Betriebs.
52,Fachkompetenz,Informationssicherheit,,,Informationssicherheit,"Informationssicherheit: Untersucht, überprüft bei einem bestehenden Netzwerk Sicherheitsvorkehrungen und schlägt wenn nötig geeignete Massnahmen vor."
52,Fachkompetenz,Informationssicherheit,,,Informationssicherheit,Informationssicherheit: Setzt Datenschutz und Datensicherheit bei Informatiksystemen ein. Überprüft vorhandene Systeme auf Einhaltung von Richtlinien.
52,Fachkompetenz,Informationssicherheit,,,Informationssicherheit,Informationssicherheit: Identifiziert Bedrohungen und Schwachstellen in GKM-Projekten. Sichert Sachmittel mit nötigen Schutzmassnahmen und gemäss dem aktuellen Stand der Technik ab.
52,Fachkompetenz,Informationssicherheit,,,Informationssicherheit,"Informationssicherheit: Integriert und konfiguriert eine Firewall, um den Schutz eines Netzwerkes zu gewährleisten. Führt gemäss Auftrag Wartungsarbeiten an einer Firewall durch und dokumentiert die ausgeführten Sicherheitsmassnahmen."
52,Fachkompetenz,Informationssicherheit,,,Informationssicherheit,"Informationssicherheit: Sicherheit von ICT-Benutzerendgeräten (Notebook, PC, mobile Endgeräte, IoT-Geräte, Webcam) gewährleisten durch Erkennen von aktuellen Bedrohungen und Schwachstellen. Absichern der Geräte durch die nötigen Schutzmassnahmen. Im Ereignisfall die Schadensanalyse durchführen und Mitarbeiter und Kunden bei der Beseitigung der Schäden unterstützen."
52,Fachkompetenz,Informationssicherheit,,,Informationssicherheit,Informationssicherheit: Beurteilt Sicherheitsbedrohungen für vernetzte ICT-Infrastrukturen und Daten sowie die Wirksamkeit bisher getroffener Sicherheitsvorkehrungen und initialisiert wenn nötig netzwerk- und systemspezifische Massnahmen.
52,Fachkompetenz,Informationssicherheit,,,Informationssicherheit,Informationssicherheit: Bei einem bestehenden Netzwerk einen sicheren Netzwerkzugang implementieren und den Netzwerkverkehr mit einem NIDS überwachen.
52,Fachkompetenz,Informationssicherheit,,,Informationssicherheit,"Informationssicherheit: Untersucht die Netzwerkinfrastruktur einer Organisation auf der Übertragungs-, Vermittlungs- und Transportschicht (OSI-Layer 1 bis 4), bewertet deren Reifegrad bezüglich Informationssicherheit und empfiehlt Verbesserungsmassnahmen für die Netzwerksicherheit."
52,Fachkompetenz,Informationssicherheit,,,Informationssicherheit,"Informationssicherheit: Beurteilt Geschäftsprozesse und ICT-Vorhaben in Bezug auf operative Risiken, relevante Aspekte der Informationssicherheit und der Compliance und definiert wirk-same Massnahmen für den operativen ICT-Betrieb."
52,Fachkompetenz,Informationssicherheit,,,Informationssicherheit,"Informationssicherheit: Führt in regelmässigen Abständen Analysen der durch die ICT Systeme unterstützten Geschäftsprozesse durch, um damit Schwachstellen und Risiken festzustellen. Plant anhand der Ergebnisse wirtschaftlich angemessene risikominimierende Massnahmen."
52,Fachkompetenz,Informationssicherheit,,,Informationssicherheit,"Informationssicherheit: Stellt bei der Planung, Entwicklung und im produktiven Gesamtsystem die Sicherheit, d.h. die Integrität, die Vertraulichkeit (inkl. Datenschutz) sowie die Verfügbarkeit von Informationen/Daten und der zugrunde liegenden ICT-Systeme sicher."
52,Fachkompetenz,Informationssicherheit,,,Informationssicherheit,Informationssicherheit: Erarbeitet unter Berücksichtigung der relevanten Einflussfaktoren die strategischen Ziele für die Informationssicherheit in einer Organisation und stellt die Einbettung der Informationssicherheitsstrategie in die übergeordnete Unternehmensstrategie sicher.
52,Fachkompetenz,Informationssicherheit,,,Informationssicherheit,"Informationssicherheit: Definiert basierend auf der Informationssicherheitsstrategie eine angemessene Sicherheitsorganisation, erarbeitet die Sicherheitsrichtline und verankert diese zusammen mit dem Management in der Organisation."
52,Fachkompetenz,Informationssicherheit,,,Informationssicherheit,Informationssicherheit: Definiert unter Berücksichtigung der spezifischen Bedürfnisse einer Organisation und auf der Basis der relevanten Normen den Anwendungsbereich und die erforderlichen Prozesse und Verfahren für ein Informationssicherheitsmanagementsystem (ISMS).
52,Fachkompetenz,Informationssicherheit,,,Informationssicherheit,Informationssicherheit: Führt und steuert auf der Basis der relevanten Normen den Betrieb eines Informationssicherheitsmanagementsystems (ISMS) in einer Organisation und stellt die fortlaufende Verbesserung des Systems sicher.
52,Fachkompetenz,Informationssicherheit,,,Informationssicherheit,Informationssicherheit: Stellt die Integration der Informationssicherheit im Business Continuity Management (BCM) einer Organisation sicher und unterstützt das Management bei der Bewältigung von Notfällen und Krisen.
52,Fachkompetenz,Informationssicherheit,,,Informationssicherheit,Informationssicherheit: Beschafft und analysiert im Rahmen der Cyber Threat Intelligence (CTI) einer Organisation laufend Informationen über mögliche Bedrohungen im Cyber-Raum und bereitet die Erkenntnisse anwendungs- und zielgruppengerecht auf.
52,Fachkompetenz,Informationssicherheit,,,Informationssicherheit,"Informationssicherheit: Überprüft auf der Basis eines vorgegebenen Auftrags die Sicherheit von Systemen, Netzwerken und Applikationen einer Organisation mit geeigneten Methoden und Werkzeugen, bereitet die Testergebnisse aussagekräftig auf und empfiehlt Massnahmen für die Behandlung von erkannten Schwachstellen."
52,Fachkompetenz,Informationssicherheit,,,Informationssicherheit,"Informationssicherheit: Untersucht persistente, temporäre und flüchtige Daten von Systemen verdachtsbezogen auf sicherheitsrelevante Spuren und Malware und wertet die Ergebnisse der Untersuchung aussagekräftig und zielgruppengerecht aus."
52,Fachkompetenz,Informationssicherheit,,,Informationssicherheit,"Informationssicherheit: Server und Arbeitsplätze bezüglich Systemsicherheit untersuchen, Verbesserungsvorschläge ausarbeiten und umsetzen."
52,Fachkompetenz,Informationssicherheit,,,Informationssicherheit,Informationssicherheit: Führt und überwacht im Rahmen der vorgegebenen Strukturen und Prozesse des Security Incident Managements einer Organisation die Behandlung von erkannten Sicherheitsvorfällen über deren gesamten Lebenszyklus.
52,Fachkompetenz,Informationssicherheit,,,Informationssicherheit,"Informationssicherheit: Untersucht die Applikationen und Serverdienste in den Entwicklungs-, Test- und Betriebsumgebungen einer Organisation, bewertet deren Reifegrad bezüglich Informationssicherheit und empfiehlt Verbesserungsmassnahmen für die Applikations- und Serversicherheit."
52,Fachkompetenz,Informationssicherheit,,,Informationssicherheit,"Informationssicherheit: Untersucht die Speicherlösungen einer Organisation, bewertet deren Reifegrad bezüglich Informationssicherheit und empfiehlt Verbesserungsmassnahmen für die Sicherheit der Speicherlösungen."
52,Fachkompetenz,Informationssicherheit,,,Informationssicherheit,"Informationssicherheit: Untersucht den Einsatz und die Integration von standortgebundenen und mobilen End- und Peripheriegeräten in einer Organisation, bewertet den Reifegrad bezüglich Informationssicherheit und empfiehlt Verbesserungsmassnahmen für die Sicherheit."
52,Fachkompetenz,Informationssicherheit,,,Informationssicherheit,"Informationssicherheit: Wählt geeignete technische Überwachungs- und Schutzlösungen zur Erkennung und Abwehr von Angriffen auf Systeme, Netzwerke und Applikationen einer Organisation aus und nimmt diese in Betrieb."
52,Fachkompetenz,Informationssicherheit,,,Informationssicherheit,"Informationssicherheit: Initialisiert, überwacht und steuert in einer Organisation die Strukturen, Prozesse und Verfahren zur Erkennung und Handhabung von Informationssicherheitsvorfällen über deren gesamten Lebenszyklus."
52,Fachkompetenz,Informationssicherheit,,,Informationssicherheit,"Informationssicherheit: Erhebt die Anforderungen für neue Informationssicherheitslösungen, erbringt den Wirtschaftlichkeitsnachweis, unterstützt die Evaluation und Beschaffung und stellt die Integration der neuen Lösung in einer Organisation sicher."
52,Fachkompetenz,Informationssicherheit,,,Informationssicherheit,Informationssicherheit: Identifiziert im Bereich der Informationssicherheit bedarfs- und zielgruppengerechte Kommunikations- und Schulungsmassnahmen zur Schaffung und Förderung von Awareness und setzt diese um.
18,Fachkompetenz,Business- & Requirements-Engineering,,,Business- & Requirements-Engineering,"Business- & Requirements-Engineering: Die Kompetenz, Geschäfts- und Stakeholderansprüche zu analysieren, zu erfassen und in Anforderungen für IT-Lösungen umzuwandeln, um die Bedürfnisse des Unternehmens und weiterer Anspruchsgruppen zu erfüllen."
18,Fachkompetenz,Business- & Requirements-Engineering,,,Business- & Requirements-Engineering,"Business- & Requirements-Engineering: Erhebt die Leistungen an ein System, beschreibt den Systemkontext und die Schnittstellen und spezifiziert die Anforderungen in einem strukturierten Anforderungskatalog."
4,Fachkompetenz,Application Engineering,,,Application Engineering,"Application Engineering: Die Kompetenz, Softwareanwendungen zu entwickeln, zu programmieren und zu implementieren, um den Anforderungen und Bedürfnissen der Benutzer gerecht zu werden."
4,Fachkompetenz,Application Engineering,,,Application Engineering,Application Engineering: Identifiziert Anwendungsmöglichkeiten der Blockchain-Technologie im eigenen beruflichen Alltag. Entwickelt mittels einer geeigneten Blockchain-Technologie eine ICT-Lösung für den eigenen Betrieb oder für das betriebliche Umfeld. 
4,Fachkompetenz,Application Engineering,,,Application Engineering,"Application Engineering: Rahmenbedingungen von Applikationen (Eigenentwicklung oder Zukauf) konsultieren und erforderliche Einführungs-Aktivitäten identifizieren. Vorbereitungsarbeiten planen, abstimmen, veranlassen und Übergabe an die Produktion einleiten."
4,Fachkompetenz,Application Engineering,,,Application Engineering,Application Engineering: Definiert die Nutzung von Cloud Services (Container- und Serverless Technologien) hinsichtlich der betrieblichen Anforderung für eine Beispielanwendung und realisiert die gewählte Lösung mit Hilfe von CI/CD Prozessen.
4,Fachkompetenz,Application Engineering,,,Application Engineering,"Application Engineering: Multi-User-Applikation objektorientiert entwerfen, erforderliche Datenbankanpassungen vornehmen und Applikation implementieren, testen und dokumentieren."
4,Fachkompetenz,Application Engineering,,,Application Engineering,"Application Engineering: Anforderungen in ein Klassendesign ohne Vererbung umsetzen und mit einer objektorientierten Programmiersprache implementieren, dokumentieren und testen."
4,Fachkompetenz,Application Engineering,,,Application Engineering,"Application Engineering: Ein objektorientiertes Design (OOD) implementieren, testen und dokumentieren."
4,Fachkompetenz,Application Engineering,,,Application Engineering,"Application Engineering: Eine Aufgabe analysieren mit einer Entwicklungsumgebung mit integriertem GUI-Designer implementieren, dokumentieren und testen."
4,Fachkompetenz,Application Engineering,,,Application Engineering,"Application Engineering: Grundlagen des Programmierens sowie dessen Herkunft und Voraussetzungen kennen und in der Lage sein, im beruflichen Umfeld Probleme zu verstehen und Lösungen dafür zu entwickeln."
4,Fachkompetenz,Application Engineering,,,Application Engineering,"Application Engineering: Applikationen und Schnittstellen objektorientiert modellieren, implementieren, testen und dokumentieren."
4,Fachkompetenz,Application Engineering,,,Application Engineering,"Application Engineering: Verteilte Systeme analysieren, verstehen, planen, erweitern und anwenden, sowie bestehende Applikationen in ein verteiltes System überführen."
4,Fachkompetenz,Application Engineering,,,Application Engineering,Application Engineering: Algorithmen und Teile von Applikationen deklarativ beschreiben und funktional implementieren.
4,Fachkompetenz,Application Engineering,,,Application Engineering,Application Engineering: Setzt automatisierende Tools für die verschiedenen Prozesschritte der Applikationsentwicklung ein (“Continuous Intergation/Continuous Deployment”).
4,Fachkompetenz,Application Engineering,,,Application Engineering,"Application Engineering: Eine objektorientierte Analyse (OOA) in ein objektorientiertes Design (OOD) überführen, implementieren, testen und dokumentieren."
4,Fachkompetenz,Application Engineering,,,Application Engineering,Application Engineering: Eine Applikation für mobile Geräte nach Vorgabe umsetzen und testen
4,Fachkompetenz,Application Engineering,,,Application Engineering,Application Engineering: Erkennt Unterschiede der Containeranwendungsmöglichkeiten im eigenen beruflichen Alltag. Entwickelt mittels einer geeigneten Containerkomposition eine ICT-Lösung für den eigenen Betrieb oder für das betriebliche Umfeld.
4,Fachkompetenz,Application Engineering,,,Application Engineering,"Application Engineering: Aufgrund einer Vorgabe Programmabläufe prozedural erstellen, testen und dokumentieren."
4,Fachkompetenz,Application Engineering,,,Application Engineering,"Application Engineering: Vorgabe interpretieren, objektbasiert mit einer Programmiersprache implementieren, dokumentieren und testen."
4,Fachkompetenz,Application Engineering,,,Application Engineering,"Application Engineering: Problemstellung analysieren und mit geeigneten Datenstrukturen und Algorithmen eine Lösung umsetzen, testen und dokumentieren."
4,Fachkompetenz,Application Engineering,,,Application Engineering,Application Engineering: Agile Methoden zur Softwareentwicklung in Release-Zyklen anwenden.
4,Fachkompetenz,Application Engineering,,,Application Engineering,Application Engineering: Entwickelt ausgehend von den funktionalen und nicht‐funktionalen Anforderungen an eine Applikation die Artefakte der objektorientierten Analyse. Führt Machbarkeitsabklärungen hinsichtlich der technischen Umsetzbarkeit von Anforderungen durch.
4,Fachkompetenz,Application Engineering,,,Application Engineering,Application Engineering: Entwickelt ausgehend von der Analyse die Artefakte des objektorientierten Designs für die Applikation.
4,Fachkompetenz,Application Engineering,,,Application Engineering,"Application Engineering: Entwickelt und implementiert das physische Design, um funktionale und nicht‐funktionale Anforderungen einer Applikation in geeigneter Form umzusetzen."
4,Fachkompetenz,Application Engineering,,,Application Engineering,Application Engineering: Plant und realisiert den Einsatz von Werkzeugen einer Entwicklungsumgebung über den gesamten Lebenszyklus einer Applikation.
4,Fachkompetenz,Application Engineering,,,Application Engineering,"Application Engineering: Definiert, entwickelt und bewirtschaftet abgestimmt auf die ICT Enterprise-Architektur (EA), die Lizensierungsmodelle, die LifeCycle-Informationen und das Portfolio der Applikationen und Technologien im eigenen Leistungsbereich."
4,Fachkompetenz,Application Engineering,,,Application Engineering,Application Engineering: Webauftritt mit einer Seitenbeschreibungssprache nach Vorgabe realisieren und veröffentlichen.
4,Fachkompetenz,Application Engineering,,,Application Engineering,Application Engineering: Web-Applikation gemäss Vorgabe mit einer Programmiersprache realisieren und testen.
4,Fachkompetenz,Application Engineering,,,Application Engineering,Application Engineering: E-Business-Applikationen gemäss Vorgabe und unter Beachtung der Sicherheitsvorschriften und technischer Rahmenbedingungen anpassen.
4,Fachkompetenz,Application Engineering,,,Application Engineering,Application Engineering: Eine bestehende Datenbank bzw. Datenbestand nach Vorgabe in einer Web-Applikation einbinden unter Berücksichtigung von technischen und sicherheitsrelevanten Anforderungen.
4,Fachkompetenz,Application Engineering,,,Application Engineering,"Application Engineering: Multimedia-Elemente für Webauftritte nach Vorgabe erstellen und bestehende Multimedia-Inhalte aufbereiten, optimieren und in einen bestehenden Webauftritt integrieren."
4,Fachkompetenz,Application Engineering,,,Application Engineering,"Application Engineering: Anwendung nach Vorgabe mit einer clientseitig ausgeführten Skriptsprache entwerfen, realisieren und testen."
4,Fachkompetenz,Application Engineering,,,Application Engineering,Application Engineering: Gestaltet eine Website mit Cascading Style Sheets (CSS) nach Vorgaben und überprüft das Endprodukt.
4,Fachkompetenz,Application Engineering,,,Application Engineering,"Application Engineering: Programmiert mit JavaScript basierten Sprachen korrekte Abläufe, wiederverwendbare Funktionen und einfache Objekte. Manipuliert das HTML-DOM und liest Datenstrukturen in der JavaScript Object Notation (JSON) aus."
4,Fachkompetenz,Application Engineering,,,Application Engineering,"Application Engineering: Installiert, konfiguriert und bewirtschaftet ein geläufiges webbasiertes Redaktions-, oder Content Management System (CMS) und erstellt selbständig CMS-Designvorlagen (Templates, Themes) auf Basis eines vorgegebenen, bestehenden, statischen Webseiten-Designs."
4,Fachkompetenz,Application Engineering,,,Application Engineering,"Application Engineering: Anforderungen an auf Webtechnologien basierte und interaktive Oberflächen erkennen und interpretieren, sowie diese für verschiedene Geräte- und Systemklassen unter der Betrachtung von User Experience (UX) Regeln umsetzen."
4,Fachkompetenz,Application Engineering,,,Application Engineering,Application Engineering: Erstellt einen Webauftritt mit modernen Webtechnologien und -sprachen nach Vorgaben und veröffentlicht ihn.
4,Fachkompetenz,Application Engineering,,,Application Engineering,"Application Engineering: Implementiert mittels vorgegebener Technologie und mit Hilfe eines existierenden Back-Ends ein Front-End einer interaktiven Webapplikation, welches die Verwaltung von Daten ermöglicht."
4,Fachkompetenz,Application Engineering,,,Application Engineering,"Application Engineering: Implementiert mittels vorgegebener Technologie eine Back-End-Schnittstelle, welche aktuelle Schnittstellen-Standards einhält."
4,Fachkompetenz,Application Engineering,,,Application Engineering,Application Engineering: Interaktive Webseiten gemäss Aufgabenstellung mit einer serverseitigen Programmiersprache realisieren und testen.
49,Fachkompetenz,Hardware Engineering,,,Hardware Engineering,"Hardware Engineering: Die Kompetenz, Hardwarekomponenten und -systeme zu entwerfen, zu entwickeln und zu integrieren, um eine zuverlässige Grundlage für die IT-Infrastruktur zu schaffen."
83,Fachkompetenz,Network Engineering,,,Network Engineering,"Network Engineering: Die Kompetenz, Netzwerkinfrastrukturen zu planen, zu implementieren und zu verwalten, um eine stabile und sichere Kommunikation zwischen IT-Systemen zu gewährleisten."
83,Fachkompetenz,Network Engineering,,,Network Engineering,"Network Engineering: Plattformübergreifende Dienste nach Vorgabe für eine heterogene Systemumgebung konfigurieren, in Betrieb nehmen, testen und freigeben."
112,Fachkompetenz,Service Engineering,,,Service Engineering,"Service Engineering: Die Kompetenz, IT-Dienstleistungen zu entwickeln, bereitzustellen und zu implementieren, um konzeptionell ausgestaltete Services in funktions- und leistungsfähige Lösungen umzusetzen."
112,Fachkompetenz,Service Engineering,,,Service Engineering,"Service Engineering: Ausgewählten Ideen der zu implementierenden Dienstleistung zu Prototypen umwandeln um feststellen, ob sie tatsächlich umsetzbar sind und so funktionieren, wie es erwartet wurde."
112,Fachkompetenz,Service Engineering,,,Service Engineering,Service Engineering: Prototypen von Dienstleistungen fertig entwickeln und in den Service miteinbeziehen. Mit Hilfe von Modellen die Wirkung im zeitlichen Verlauf überprüfen und optimieren.
112,Fachkompetenz,Service Engineering,,,Service Engineering,Service Engineering: Realisiert auf der Basis eines erarbeiteten innovativen Lösungsansatzes einen Proof of Concept. Präsentiert diesen anderen Fachpersonen in Form eines kurzen Pitch.
112,Fachkompetenz,Service Engineering,,,Service Engineering,Service Engineering: Erarbeitet einen Prototyp für eine ICT-Lösung mit aktuellen und innovativen Technologien. Präsentiert die realisierte Lösung weiteren Fachpersonen in Form eines kurzen Pitch. 
112,Fachkompetenz,Service Engineering,,,Service Engineering,"Service Engineering: Entwickelt und konfiguriert verschiedene Anwendungen im Bereich des Maschinellen Lernens für den Einsatz im betrieblichen Umfeld. Analysiert Daten mit Hilfe verschiedener Techniken und entwickelt eine ICT-Lösung, die Machine Learning nutzt. "
19,Fachkompetenz,Data Engineering/Data Management,,,Data Engineering/Data Management,"Data Engineering/Data Management: Die Kompetenz, Daten zu organisieren, zu strukturieren und zu verwalten, um deren Verfügbarkeit, Integrität und Sicherheit sicherzustellen und datenbasierte Entscheidungen zu ermöglichen."
19,Fachkompetenz,Data Engineering/Data Management,,,Data Engineering/Data Management,Data Engineering/Data Management: Logisches Datenbankschema mit Standardsprachmitteln (Structured Query Language SQL) in ein relationales Datenbank Management System (RDBMS) integrieren. Transaktionen durchführen.
19,Fachkompetenz,Data Engineering/Data Management,,,Data Engineering/Data Management,"Data Engineering/Data Management: Bereitet Daten durch Abfragen auf und nimmt Optimierungen zur Leistungssteigerung vor.
Ändert Struktur und Daten einer Datenbank, schützt die Daten durch Zugriffsberechtigungen und sichert die Daten wie auch das Datenbankschema in einem Backup."
19,Fachkompetenz,Data Engineering/Data Management,,,Data Engineering/Data Management,"Data Engineering/Data Management: Liest Daten zu Analyse ein, validiert diese und erstellt mit Hilfe geeigneter Metriken, Grenzwerte und Indikatoren Reports und graphische Darstellungen von Monitoring Daten. Gibt Daten anonymisiert an Dritte weiter. "
19,Fachkompetenz,Data Engineering/Data Management,,,Data Engineering/Data Management,"Data Engineering/Data Management: Analysiert Informationsbestände aus verschiedenen Quellen, charakterisiert Daten und ordnet sie ein. Erstellt durch die in der Analyse gewonnenen Anhaltspunkte ein konzeptionelles Datenmodell und überführt dieses in ein logisches, relationales Datenmodell."
19,Fachkompetenz,Data Engineering/Data Management,,,Data Engineering/Data Management,"Data Engineering/Data Management: Implementiert ein logisches, relationales Datenmodell in einem Datenbankmanagementsystem. Fügt Daten in die Datenbank ein, prüft die eingefügten Daten und korrigiert allfällige Fehler."
19,Fachkompetenz,Data Engineering/Data Management,,,Data Engineering/Data Management,"Data Engineering/Data Management: Wählt einen geeigneten digitalen Datenspeicher, wenn ein relationales Datenbankmanagementsystem nicht eingesetzt werden soll oder kann.
Implementiert eine Datenbank auf einem NoSQL (Not only SQL) Datenbankmanagementsystem, importiert Daten und verwaltet diese."
19,Fachkompetenz,Data Engineering/Data Management,,,Data Engineering/Data Management,"Data Engineering/Data Management: Interpretiert und implementiert ein vorgegebenes, logisches Datenbankschema in ein relationales Datenbank Management System (RDBMS) mit Testdaten. Selektiert und manipuliert dessen Datenbestände, schützt diese mit Rollen und Berechtigungen, überprüft die Vorgaben und protokolliert deren Ergebnisse."
19,Fachkompetenz,Data Engineering/Data Management,,,Data Engineering/Data Management,Data Engineering/Data Management: Erstellt das physische Datenmodell aufgrund des objektorientierten Designs und bildet den Datenzugriff auf das Objektmodell ab.
19,Fachkompetenz,Data Engineering/Data Management,,,Data Engineering/Data Management,"Data Engineering/Data Management: Definiert aufgrund konkreter Fragestellungen die Anforderungen an die Datenbasis, verifiziert, untersucht und wertet die Daten nach deren Erhebung aus und bereitet die Ergebnisse zielgruppengerecht auf. "
19,Fachkompetenz,Data Engineering/Data Management,,,Data Engineering/Data Management,"Data Engineering/Data Management: Datenbanksystem in einer produktiven Umgebung betreiben. User, Rollen und Rechte nach Vorgabe einpflegen, Extrakte erzeugen und Datenbankberichte auswerten."
19,Fachkompetenz,Data Engineering/Data Management,,,Data Engineering/Data Management,"Data Engineering/Data Management: Datenbanksystem installieren, konfigurieren, Urladung durchführen, Funktionalität sicherstellen und Übergabe in den produktiven Betrieb durchführen."
19,Fachkompetenz,Data Engineering/Data Management,,,Data Engineering/Data Management,"Data Engineering/Data Management: Organisiert und verwaltet Daten, damit sie in verschiedenen Kanälen und Formaten mediengerecht verwendet werden können."
19,Fachkompetenz,Data Engineering/Data Management,,,Data Engineering/Data Management,"Data Engineering/Data Management: Directoryservices konfigurieren, Directorystrukturen implementieren, Benutzerdaten verwalten, Sicherheitseinstellungen nach Vorgabe vornehmen, Synchronisation sicherstellen, Directoryservices testen und an Betrieb übergeben."
19,Fachkompetenz,Data Engineering/Data Management,,,Data Engineering/Data Management,"Data Engineering/Data Management: Untersucht Rohdaten und Datenbestände auf kritische und sicherheitsrelevante Informationen, plausibilisiert die Ergebnisse und wertet die Untersuchung aussagekräftig und zielgruppengerecht aus."
120,Fachkompetenz,Technical Software Engineering,,,Technical Software Engineering,"Technical Software Engineering: Die Kompetenz, technische Softwarelösungen oder -werkzeuge zu entwickeln, um spezifische technische Aufgaben oder Prozesse zu unterstützen oder zu automatisieren."
120,Fachkompetenz,Technical Software Engineering,,,Technical Software Engineering,"Technical Software Engineering: Steuerungsaufgabe aus einer Vorgabe identifizieren, analysieren und als Steuerung oder als Regelkreis realisieren."
120,Fachkompetenz,Technical Software Engineering,,,Technical Software Engineering,"Technical Software Engineering: Mikroprozessor-Anwendung an neu vorgegebene Realtime-Prozesse anpassen, erweitern und testen."
120,Fachkompetenz,Technical Software Engineering,,,Technical Software Engineering,"Technical Software Engineering: Mikroprozessoranwendung nach Vorgabe strukturieren, programmieren, auf der Zielhardware implementieren und testen."
120,Fachkompetenz,Technical Software Engineering,,,Technical Software Engineering,Technical Software Engineering: Analoge und digitale Signale aufbereiten und für die Visualisierung ausgeben bzw. für die Steuerung von Aktoren nutzen.
5,Fachkompetenz,Application Operation,,,Application Operation,"Application Operation: Die Kompetenz, den Betrieb und die Wartung von Anwendungen sicherzustellen, um eine kontinuierliche Verfügbarkeit und reibungslose Funktionen zu gewährleisten."
5,Fachkompetenz,Application Operation,,,Application Operation,Application Operation: Betriebssysteme installieren und für den Multiuserbetrieb konfigurieren. System mit Betriebssystem-Befehlen und Hilfsprogrammen administrieren.
5,Fachkompetenz,Application Operation,,,Application Operation,"Application Operation: Ablösung bzw. Erstinstallation eines IT-Systems (Server, Einzelplatz-Computer, Betriebssysteme und Applikationen) gemäss Auftrag, planen, initialisieren und durchführen."
5,Fachkompetenz,Application Operation,,,Application Operation,Application Operation: Migrationen für Versionswechsel oder Softwareablösung planen und durchführen.
5,Fachkompetenz,Application Operation,,,Application Operation,"Application Operation: Installiert, konfiguriert und administriert Betriebssysteme auf einer Plattform gemäss Konfigurationsvorgaben und Software-Lizenzbestimmungen."
5,Fachkompetenz,Application Operation,,,Application Operation,"Application Operation: Erarbeitet und setzt Archivierungs‐, Sicherungs‐ und Wiederherstellungskonzepte für Applikationen um und berücksichtigt dabei gesetzliche, wirtschaftliche und betriebliche Anforderungen."
50,Fachkompetenz,Hardware Operation,,,Hardware Operation,"Hardware Operation: Die Kompetenz, den Betrieb und die Wartung von Hardwarekomponenten und -systemen zu gewährleisten, um eine zuverlässige Funktionsweise von IT-Geräten und -Systemen sicherzustellen."
50,Fachkompetenz,Hardware Operation,,,Hardware Operation,"Hardware Operation: Multimediaeinrichtungen (Hard- und Software) installieren, konfigurieren, testen und in Betrieb nehmen."
50,Fachkompetenz,Hardware Operation,,,Hardware Operation,"Hardware Operation: Hard- und Software Komponenten für die Auf-/Umrüstung eines Einzelplatzcomputers auswählen und empfehlen. Auf-/umzurüstende Hard- und Software Komponenten installieren, konfigurieren und testen."
50,Fachkompetenz,Hardware Operation,,,Hardware Operation,Hardware Operation: Netzwerkfähige Peripheriegeräte und dazugehörige Dienste in ein Netzwerk integrieren.
50,Fachkompetenz,Hardware Operation,,,Hardware Operation,Hardware Operation: Richtet die eigenen Arbeitsinstrumente selbstständig ein und bedient sie korrekt und sicherheitsbewusst.
50,Fachkompetenz,Hardware Operation,,,Hardware Operation,"Hardware Operation: Analysiert ein GKM-System, bestimmt die benötigten Komponenten für den Anschluss und erstellt die Dokumentation für ein ausführungsreifes GKM-Projekt."
50,Fachkompetenz,Hardware Operation,,,Hardware Operation,"Hardware Operation: Einzelplatz-Computer in Betrieb nehmen, Betriebssystem und Office Suite installieren, Gerät mit dem Netzwerk verbinden und das System testen."
50,Fachkompetenz,Hardware Operation,,,Hardware Operation,Hardware Operation: Verschiedene Serverdienste für den lokalen Netzwerkbetrieb nach Vorgaben installieren und konfigurieren. Funktionalität der Serverdienste überprüfen.
50,Fachkompetenz,Hardware Operation,,,Hardware Operation,"Hardware Operation: Server (-Systeme) in einer bestehenden Umgebung betreiben und Performance, Verfügbarkeit  sowie Systemsicherheit überwachen."
50,Fachkompetenz,Hardware Operation,,,Hardware Operation,"Hardware Operation: IP-Telefoniesystem gemäss den erhobenen Anforderungen installieren, konfigurieren und in Betrieb nehmen."
50,Fachkompetenz,Hardware Operation,,,Hardware Operation,Hardware Operation: Informatik-Arbeitsplätze planen und einrichten unter Berücksichtigung von ergonomischen und ökologischen Aspekten.
50,Fachkompetenz,Hardware Operation,,,Hardware Operation,"Hardware Operation: ICT-Arbeitsplatz in Betrieb nehmen: Wichtige Aspekte der Hardwarekompatibilität überprüfen, Betriebssystem gemäss vorgaben installieren, konfigurieren und administrieren, Sicherheitsaspekte erkennen und anwenden, Arbeitsschritte dokumentieren und testen."
84,Fachkompetenz,Network Operation,,,Network Operation,"Network Operation: Die Kompetenz, den Betrieb und die Wartung von Netzwerkinfrastrukturen zu gewährleisten, um eine stabile und sichere Netzwerkverbindung für die IT-Systeme zu gewährleisten."
84,Fachkompetenz,Network Operation,,,Network Operation,Network Operation: Lokales Netzwerk ohne zentrale Benutzerverwaltung installieren.
84,Fachkompetenz,Network Operation,,,Network Operation,"Network Operation: Netzwerkkomponenten in einer LAN-Umgebung nach Vorgaben und unter Beachtung der Sicherheitsanforderungen in Betrieb nehmen, konfigurieren, testen und abnehmen lassen."
84,Fachkompetenz,Network Operation,,,Network Operation,"Network Operation: In einem Local Area Network (LAN) die Funktionalität überprüfen und die Performance messen. Die Ergebnisse interpretieren und allfällige Massnahmen einleiten. Störungen mit geeigneten Werkzeugen und Vorgehensweisen lokalisieren, zuordnen und beheben."
84,Fachkompetenz,Network Operation,,,Network Operation,"Network Operation: Realisiert selbständig ein Drahtlos-Netzwerk gemäss Vorgaben und mit Hilfe geeigneter Techniken, Methoden und Hilfsmittel. Nimmt ein Drahtlos-Netzwerk in Betrieb und behebt Störungen."
84,Fachkompetenz,Network Operation,,,Network Operation,Network Operation: Performance und Verfügbarkeit eines Netzwerks überwachen und Ergebnisse interpretieren. Netzwerke nach Vorgabe mit WLAN /VLAN erweitern und entfernte lokale Netze sicher verbinden.
84,Fachkompetenz,Network Operation,,,Network Operation,"Network Operation: Entwickeln, Planen und Realisieren von Internetanschlüssen für Unternehmen unter der Berücksichtigung von Sicherheits-, Verfügbarkeits- und Leistungsaspekten."
84,Fachkompetenz,Network Operation,,,Network Operation,"Network Operation: Eruiert die betroffenen Komponenten einer Netzwerk-Störung, analysiert die Gründe anhand von geeigneten Messtools und leitet provisorische und langfristige Massnahmen zur Behebung ein."
84,Fachkompetenz,Network Operation,,,Network Operation,"Network Operation: Nimmt gemäss Vorgaben IoT-Ecosysteme in Betrieb. Wendet dabei geeignete Techniken, Methoden und Hilfsmittel an."
84,Fachkompetenz,Network Operation,,,Network Operation,Network Operation: Implementiert standortgebundene Kommunikationsdienste nach betrieblichen Anforderungen in ein bestehendes Firmen‐Netzwerk und stellt den operativen Betrieb dieser Dienste sicher.
84,Fachkompetenz,Network Operation,,,Network Operation,"Network Operation: Wählt Internet of Everything Endgeräte für eine bestehende Plattform aus, führt deren sichere Inbetriebnahme gemäss Vorgaben durch und dokumentiert die Lösung. "
84,Fachkompetenz,Network Operation,,,Network Operation,Network Operation: Montiert Hardware-Komponenten von einfachen Voice- und Video-Systemen anhand der anerkannten Regeln der Technik. Installiert benötigte Software in Absprache mit weiteren Fachpersonen und konfiguriert grundlegende Leistungsmerkmale anhand der Kundenwünsche.
84,Fachkompetenz,Network Operation,,,Network Operation,"Network Operation: Analysiert organisatorische, technische und nutzungsspezifische Aspekte von mobilen Kommunikationsdiensten zwecks Integration solcher Dienste in ein bestehendes Firmennetzwerk."
84,Fachkompetenz,Network Operation,,,Network Operation,"Network Operation: Analysiert Netzwerke im Betrieb, optimiert und entwickelt deren Leistung und Einsatz weiter durch geeignete Massnahmen, veränderte Einsatzmöglichkeiten sowie unter Berücksichtigung neuer Technologien."
84,Fachkompetenz,Network Operation,,,Network Operation,"Network Operation: ICT-Benutzer-Endgeräte in Netzinfrastruktur integrieren, an bestehende Dienste anbinden und die Benutzer bei der Anbindung unterstützen."
51,Fachkompetenz,ICT Service Operation,,,ICT Service Operation,"ICT Service Operation: Die Kompetenz, den operativen IT-Servicebetrieb durchzuführen und zu überwachen, um einen stabilen und zuverlässigen Ablauf von IT-Dienstleistungen und Support für Benutzer und Kunden sicherzustellen. Dies umfasst u.a., den Support für IT-Services bereitzustellen; Probleme zu identifizieren und zu lösen; Serviceanfragen zu bearbeiten; Archivierung, Backup, Restore und Reparatur von Daten und Systemen durchzuführen; sowie die Überwachung der Performance und Kapazität."
51,Fachkompetenz,ICT Service Operation,,,ICT Service Operation,"ICT Service Operation: Installiert Notstromversorgungs- und Backup-Lösungen für Kommunikations- und Multimedia Komponenten nach Vorgaben und nimmt diese in Betrieb. Berücksichtigt dabei geeignete Techniken, Methoden und Tools."
51,Fachkompetenz,ICT Service Operation,,,ICT Service Operation,"ICT Service Operation: Datensicherungskonzepte nach vorgegebenen Rahmenbedingungen erstellen, testen und freigeben."
51,Fachkompetenz,ICT Service Operation,,,ICT Service Operation,ICT Service Operation: Erstellt und pflegt Anlagendokumentationen und Bedienungsanleitungen. Instruiert verschiedene Kunden im Umgang mit Systemen.
51,Fachkompetenz,ICT Service Operation,,,ICT Service Operation,ICT Service Operation: Supportprozess verstehen und Kundenanliegen bearbeiten.
51,Fachkompetenz,ICT Service Operation,,,ICT Service Operation,"ICT Service Operation: Berät interne oder externe Kunden in fachlichen Fragen bedürfnis- und lösungsorientiert, plant zielgruppengerechte Schulungen und führt diese durch."
51,Fachkompetenz,ICT Service Operation,,,ICT Service Operation,"ICT Service Operation: Entwickelt bedürfnisorientierte, zielgruppenspezifische analoge, digitale oder hybride Lernsequenzen und plant deren Durchführung und Evaluation."
51,Fachkompetenz,ICT Service Operation,,,ICT Service Operation,ICT Service Operation: Benutzer/innen im Umgang mit Informatikmitteln instruieren und unterstützen.
51,Fachkompetenz,ICT Service Operation,,,ICT Service Operation,"ICT Service Operation: Identifiziert und priorisiert Schwachstellen in den Systemen, Netzwerken und Applikationen einer Organisation und stellt deren Behandlung im Rahmen des Schwachstellen- und Patchmanagements sicher."
51,Fachkompetenz,ICT Service Operation,,,ICT Service Operation,"ICT Service Operation: Identifiziert Probleme im operativen Betrieb, analysiert diese und implementiert nachhaltige Lösungen zu deren Behebung."
51,Fachkompetenz,ICT Service Operation,,,ICT Service Operation,"ICT Service Operation: Betreibt und aktualisiert Services in einer bestehenden Umgebung. Überwacht Performance, Verfügbarkeit sowie Systemsicherheit gemäss den Betriebs- und Sicherheitsvorgaben eines Unternehmens."
56,Sozial- & Selbstkompetenz,Kommunikation,,,Kommunikation,"Kommunikation: Die Kompetenz, mit anderen Personen (mündlich oder schriftlich) zu interagieren, indem man klare und verständliche Botschaften formuliert, aktiv zuhört und angemessen auf die Mitteilungen anderer reagiert, um damit Sachverhalte zu klären und/oder Beziehungen zu pflegen."
57,Sozial- & Selbstkompetenz,Kommunikation,Kommunikation in Alltagssituationen,,Kommunikation in Alltagssituationen,"Kommunikation in Alltagssituationen: Die Kompetenz, in informellen Alltagsgesprächen effektiv zu kommunizieren, Informationen klar auszutauschen und aktiv zuzuhören, um eine reibungslose und verständnisvolle Interaktion mit Familie, Freunden oder Kollegen zu ermöglichen."
61,Sozial- & Selbstkompetenz,Kommunikation,Kommunikation in Geschäftssituationen mit Partnern,,Kommunikation in Geschäftssituationen mit Partnern,"Kommunikation in Geschäftssituationen mit Partnern: Die Kompetenz, in geschäftlichen Situationen mit Partnern wie Kunden, Lieferanten oder anderen Stakeholdern erfolgreich zu kommunizieren, um Informationen zu teilen, Bedürfnisse zu verstehen, Beziehungen aufzubauen und gemeinsame Ziele zu erreichen."
64,Sozial- & Selbstkompetenz,Kommunikation,Kommunikation in Präsentations- und Vortragssituationen,,Kommunikation in Präsentations- und Vortragssituationen,"Kommunikation in Präsentations- und Vortragssituationen: Die Kompetenz, bei Präsentationen oder Vorträgen klar und überzeugend zu kommunizieren, Informationen verständlich zu vermitteln, das Publikum zu engagieren und das gewünschte Ziel, sei es informieren, überzeugen oder inspirieren, zu erreichen."
62,Sozial- & Selbstkompetenz,Kommunikation,Kommunikation in Konfliktsituationen,,Kommunikation in Konfliktsituationen,"Kommunikation in Konfliktsituationen: Die Kompetenz, in konfliktbeladenen Situationen effektiv zu kommunizieren, indem man aktiv zuhört, respektvoll mit den Standpunkten anderer umgeht und konstruktive Lösungen sucht, um den Konflikt beizulegen."
58,Sozial- & Selbstkompetenz,Kommunikation,Kommunikation in Ambiguitätssituationen,,Kommunikation in Ambiguitätssituationen,"Kommunikation in Ambiguitätssituationen: Die Kompetenz, in Situationen mit Unklarheiten oder Mehrdeutigkeiten klar und präzise zu kommunizieren, indem man Fragen stellt, Klarheit sucht und die Kommunikation auf die Bedürfnisse der Beteiligten abstimmt."
65,Sozial- & Selbstkompetenz,Kommunikation,Kommunikation in interkulturellen Situationen,,Kommunikation in interkulturellen Situationen,"Kommunikation in interkulturellen Situationen: Die Kompetenz, erfolgreich mit Personen aus verschiedenen kulturellen Hintergründen zu kommunizieren, indem man kulturelle Unterschiede respektiert, Verständnis und Sensibilität zeigt und eine offene und inklusive Kommunikationsumgebung fördert."
60,Sozial- & Selbstkompetenz,Kommunikation,Kommunikation in Feedbacksituationen,,Kommunikation in Feedbacksituationen,"Kommunikation in Feedbacksituationen: Die Kompetenz, in Rückmeldungsgesprächen konstruktives Feedback klar zu kommunizieren und Feedback von anderen offen anzunehmen, um die Kommunikation und die persönliche Entwicklung zu verbessern."
63,Sozial- & Selbstkompetenz,Kommunikation,Kommunikation in Mediensituationen,,Kommunikation in Mediensituationen,"Kommunikation in Mediensituationen: Die Kompetenz, in Medienumgebungen wie Radio, Fernsehen, Zeitungen oder sozialen Medien effektiv zu kommunizieren, um Informationen zielgerichtet zu verbreiten, Botschaften klar zu kommunizieren und eine positive Wirkung auf die Zielgruppe zu erzielen."
59,Sozial- & Selbstkompetenz,Kommunikation,Kommunikation in Beratungssituationen,,Kommunikation in Beratungssituationen,"Kommunikation in Beratungssituationen: Die Kompetenz, in Coaching- und Beratungssituationen einfühlsam auf das Gegenüber (i.d.R. Klienten) einzugehen und ihre Anliegen zu klären, um damit eine vertrauensvolle Beziehung aufzubauen und unterstützende Ratschläge zu geben. "
55,Sozial- & Selbstkompetenz,Kollaboration,,,Kollaboration,"Kollaboration: Die Kompetenz, erfolgreich mit anderen zusammenzuarbeiten, um gemeinsame Ziele zu erreichen."
137,Sozial- & Selbstkompetenz,Kollaboration,Zusammenarbeit in stabilen Teams,,Zusammenarbeit in stabilen Teams,"Zusammenarbeit in stabilen Teams: Die Kompetenz, effektiv mit den Mitgliedern eines etablierten und stabilen Teams zusammenzuarbeiten, indem man Vertrauen aufbaut, Rollen und Verantwortlichkeiten klar definiert und gemeinsam an langfristigen Zielen arbeitet."
133,Sozial- & Selbstkompetenz,Kollaboration,Zusammenarbeit in Projektteams,,Zusammenarbeit in Projektteams,"Zusammenarbeit in Projektteams: Die Kompetenz, erfolgreich mit Mitgliedern eines temporären Projektteams zusammenzuarbeiten, indem man sich schnell auf neue Situationen einstellt, flexibel ist und gemeinsam an spezifischen Zielen arbeitet."
135,Sozial- & Selbstkompetenz,Kollaboration,Zusammenarbeit in interdisziplinären Teams,,Zusammenarbeit in interdisziplinären Teams,"Zusammenarbeit in interdisziplinären Teams: Die Kompetenz, erfolgreich mit Mitgliedern aus verschiedenen Berufsgruppen oder Fachrichtungen zusammenzuarbeiten, indem unterschiedliche Fachkenntnisse, Perspektiven und Arbeitsweisen respektiert und integriert werden, um gemeinsame Ziele zu erreichen."
138,Sozial- & Selbstkompetenz,Kollaboration,Zusammenarbeit in virtuellen Teams,,Zusammenarbeit in virtuellen Teams,"Zusammenarbeit in virtuellen Teams: Die Kompetenz, effektiv in Teams zu arbeiten, deren Mitglieder an unterschiedlichen Standorten oder in verschiedenen Zeitzonen arbeiten, indem virtuelle Kommunikationstools und Technologien genutzt werden, um gemeinsame Ziele zu erreichen."
134,Sozial- & Selbstkompetenz,Kollaboration,Zusammenarbeit in agilen Teams,,Zusammenarbeit in agilen Teams,"Zusammenarbeit in agilen Teams: Die Kompetenz, in agilen Arbeitsumgebungen wie Scrum oder Kanban aktiv und flexibel mit Teammitgliedern zusammenzuarbeiten, um iterative Arbeitsprozesse zu unterstützen, Aufgaben zu priorisieren, transparent zu kommunizieren und gemeinsam hochwertige Ergebnisse zu erzielen."
136,Sozial- & Selbstkompetenz,Kollaboration,Zusammenarbeit in interorganisationalen Teams,,Zusammenarbeit in interorganisationalen Teams,"Zusammenarbeit in interorganisationalen Teams: Die Kompetenz, erfolgreich in Teams zu arbeiten, die aus Mitgliedern unterschiedlicher Organisationen oder Unternehmen bestehen, indem man sich auf gemeinsame Ziele und Projekte ausrichtet, Verständnis für die verschiedenen Organisationskulturen und -strukturen entwickelt und Vertrauen aufbaut, um gemeinsame Ziele zu erreichen. "
35,Sozial- & Selbstkompetenz,Führung,,,Führung,"Führung: Die Kompetenz, Ziele zu definieren, Aufgaben zu strukturieren und das Verhalten anderer Personen in Hinblick auf die gemeinsame Zielerreichung motivierend zu beeinflussen. "
40,Sozial- & Selbstkompetenz,Führung,Führung in der strategischen Ausrichtung,,Führung in der strategischen Ausrichtung,"Führung in der strategischen Ausrichtung: Die Kompetenz, langfristige Ziele zu definieren, eine klare Vision zu vermitteln, strategische Entscheidungen zu treffen und die Organisation auf zukünftige Herausforderungen auszurichten."
38,Sozial- & Selbstkompetenz,Führung,Führung in Krisensituationen,,Führung in Krisensituationen,"Führung in Krisensituationen: Die Kompetenz, in Krisensituationen Ruhe zu bewahren, effektiv zu kommunizieren, Entscheidungen zu treffen und das Team durch schwierige Zeiten zu führen."
39,Sozial- & Selbstkompetenz,Führung,Führung in Veränderungssituationen,,Führung in Veränderungssituationen,"Führung in Veränderungssituationen: Die Kompetenz, Veränderungsprozesse zu initiieren und zu begleiten, Mitarbeiter zu motivieren, Widerstand zu überwinden und das Team auf die neue Ausrichtung einzuschwören."
36,Sozial- & Selbstkompetenz,Führung,Führung in Entwicklungssituationen,,Führung in Entwicklungssituationen,"Führung in Entwicklungssituationen: Die Kompetenz, ein starkes und harmonisches Team aufzubauen, die individuellen Stärken zu erkennen und zu fördern, die Zusammenarbeit zu stärken und gemeinsame Ziele zu erreichen."
37,Sozial- & Selbstkompetenz,Führung,Führung in Konfliktsituationen,,Führung in Konfliktsituationen,"Führung in Konfliktsituationen: Die Kompetenz, Konflikte frühzeitig zu erkennen, konstruktiv anzusprechen, Lösungsstrategien zu entwickeln und eine positive und produktive Arbeitsatmosphäre aufrechtzuerhalten."
109,Sozial- & Selbstkompetenz,Selbstreflexion,,,Selbstreflexion,"Selbstreflexion: Die Kompetenz, sich selbst kritisch zu hinterfragen, eigene Stärken und Schwächen zu erkennen sowie eigene Denkmuster und Verhaltensweisen zu reflektieren, um in herausfordernden Situationen bewusste und authentische Entscheidungen zu treffen."
108,Sozial- & Selbstkompetenz,Selbstorganisation,,,Selbstorganisation,"Selbstorganisation: Die Kompetenz, persönliche Aufgaben, Abläufe und Strukturen eigenständig zu planen, umzusetzen und aufrechtzuerhalten, um auch in einem dynamischen Umfeld zielgerichtet zu handeln und flexibel auf sich ändernde Anforderungen zu reagieren."
132,Sozial- & Selbstkompetenz,Selbstorganisation,Zeitmanagement,,Zeitmanagement,"Zeitmanagement: Die Kompetenz, die Zeit effektiv zu planen, Prioritäten zu setzen und Aufgaben entsprechend zu organisieren, um produktiv und erfolgreich zu arbeiten."
25,Sozial- & Selbstkompetenz,Selbstorganisation,Emotionale Regulierung,,Emotionale Regulierung,"Emotionale Regulierung: Die Kompetenz, Emotionen bewusst wahrzunehmen, sie angemessen zu steuern und auf konstruktive Weise mit ihnen umzugehen, um das eigene Wohlbefinden und die Interaktion mit anderen positiv zu beeinflussen."
99,Sozial- & Selbstkompetenz,Selbstorganisation,Resilienz,,Resilienz,"Resilienz: Die Kompetenz, mit Stress, Herausforderungen und Rückschlägen umzugehen, um sich schnell zu erholen, Anpassungsfähigkeit zu zeigen und gestärkt aus schwierigen Situationen hervorzugehen."
100,Sozial- & Selbstkompetenz,Selbstorganisation,Ressourcenakquise,,Ressourcenakquise,"Ressourcenakquise: Die Kompetenz, aktiv nach Ressourcen und Unterstützungsmöglichkeiten zu suchen, sei es Wissen, finanzielle Mittel, Netzwerke oder Mentoren, um die eigenen Ziele zu erreichen und das persönliche Wachstum zu fördern."
110,Sozial- & Selbstkompetenz,Selbsttransformation,,,Selbsttransformation,"Selbsttransformation: Die Kompetenz, eine offene und wachstumsorientierte Haltung einzunehmen, kontinuierlich neue Fähigkeiten zu erlernen, Wissen zu erweitern und sich persönlich weiterzuentwickeln, um den sich wandelnden Anforderungen in Beruf und Alltag gerecht zu werden."
