Sentence,Extracted Element 1,Associated Element 1,Extracted Element 2,Associated Element 2,Extracted Element 3,Associated Element 3,Note
Herr IM,,,,,,,
Zuletzt lernte und arbeitete Herr IM bei unserem Mitglied [Company Name].\n,None,,,,,,
Im Rahmen seiner Ausbildung unterst�tzte er das PCSS-Team (Production Control & Service SW) mit SubOperationen (SW-Komponenten) f�r die Fertigung von von optoelektronischen Instrumenten.,None,,,,,,
Hervorzuheben sind Herrn IMs sehr gute Sprachkenntnisse,,,,,,,
Er dachte aktiv mit und setzte Vorhaben rasch um.\n,None,,,,,,
Die vereinbarten Zielsetzungen wurden immer eingehalten. ,None,,,,,,
Er erf�llte unsere Erwartungen in jeder Hinsicht.,None,,,,,,
Herr IM hat sich ein fundiertes und praxisorientiertes Fachwissen angeeignet,,,,,,,
Er kannte und beachtete die Vorgaben zur Arbeitssicherheit,,,,,,,
Er beherrschte seinen Arbeitsbereich autonom und sehr sicher,,,,,,,
Herr IM konnte klar Priorit�ten setzen,,,,,,,
Er verband die Theorie nutzbringend mit der Praxis und f�hrte seine Aufgaben korrekt aus.\n,None,,,,,,
Der Zeitaufwand entsprach oder unterschritt unsere Vorstellungen.,None,,,,,,
Herr IM reagierte offen auf neue Aufgaben,,,,,,,
Er stellte sinnvolle R�ckfragen,,,,,,,
Die Qualit�t seiner Arbeit entsprach immer unseren hohen Erwartungen.\n,None,,,,,,
Da Herr XX eine gute Methodenkompetenz besitzzt,,,,,,,
Er verf�gt �ber grosses organisatorisches Geschick und eine gute Probleml�sungsf�higkeit.\n,grosses organisatorisches Geschick,Probleml�sungsf�higkeit,gute Probleml�sungsf�higkeit,Probleml�sungsf�higkeit,,,
Herr IM interessierte sich sehr f�r �kologisches Verhalten und ging mit Betriebsmitteln,,,,,,,
Die ihm �bertragenen Aufgaben erledigte er so,,,,,,,
In der Zusammenarbeit zeigte sich Herr IM �beraus konstruktiv und eignete sich leicht neue Kenntnisse an.\n,eignete sich leicht neue Kenntnisse an,Relevantes Wissen auffrischen und nutzen,in der Zusammenarbeit konstruktiv,Kooperieren,,,
Er ist sozialkompetent,,,,,,,
Ausserdem war Herr IM stets offen f�r Kritik und ber�cksichtigte vorz�glich die Interessen und Sichtweisen anderer in positiver Art.\n,offen f�r Kritik,Stresstoleranz,ber�cksichtigte vorz�glich die Interessen und Sichtweisen anderer in positiver Art,Mitf�hlen,,,
Aufgrund seiner allzeit freundlichen,,,,,,,
Er war bei Vorgesetzten und Kollegen gleichermassen �usserst anerkannt und gesch�tzt.\n,None,,,,,,
Sein Verhalten war jederzeit absolut vorbildlich.\n,None,,,,,,
Dank seiner F�higkeit und Bereitschaft,,,,,,,
Seine Termine hielt er stets ein,,,,,,,
Seine Lernfreude und positive Einstellung zum Beruf,,,,,,,
Herr IM beendete am [Date] erfolgreich seine Ausbildung.\n,None,,,,,,
Wir waren mit ihm sehr zufrieden und sprechen ihm f�r sein grosses Engagement und die guten Leistungen unseren Dank und unsere Anerkennung aus.\n,Grosses Engagement,Leistungsorientierung,,,,,
Wir w�nschen Herrn IM auf seinem weiteren Berufs- und Lebensweg alles Gute,,,,,,,